type,price,datetime,prev_candle_idx,curr_candle_idx,prev_high,curr_high,prev_close,curr_close,retracement_pct,num_hits,num_reversals,strength_score,strength
resistance,22432.6,2025-04-08 10:30:00,1591,1592,22429.35,22432.6,22424.35,22292.65,0.6238688337508674,16,5,71.25,Very Strong
resistance,24923.2,2024-10-07 14:45:00,1166,1167,24816.65,24923.2,24816.65,24799.7,0.49552224433459585,15,5,70.99,Very Strong
resistance,22513.2,2024-03-28 14:45:00,698,699,22513.2,22503.45,22503.2,22419.95,0.414201446262637,46,7,70.83,Very Strong
resistance,23339.35,2025-04-01 10:45:00,1462,1463,23324.65,23339.35,23319.95,23243.15,0.41217943087531184,23,5,70.82,Very Strong
resistance,24960.05,2024-10-07 12:30:00,1157,1158,24960.05,24927.4,24926.45,24878.75,0.32572050136117225,44,6,70.65,Very Strong
resistance,25293.6,2024-10-04 10:00:00,1121,1122,25283.35,25293.6,25279.3,25213.7,0.31589018565960486,29,5,70.63,Very Strong
resistance,25167.25,2025-10-07 15:00:00,1921,1922,25167.25,25139.0,25137.35,25091.0,0.30297310989480375,32,6,70.61,Very Strong
resistance,22496.9,2024-04-02 09:45:00,730,731,22496.9,22483.7,22480.5,22429.9,0.29781881059168147,37,4,70.6,Very Strong
resistance,24900.7,2024-10-08 10:00:00,1173,1174,24900.7,24873.45,24856.4,24827.85,0.2925620564883806,8,3,70.59,Very Strong
resistance,24835.6,2024-10-07 14:00:00,1163,1164,24802.65,24835.6,24782.4,24763.1,0.29191966370854744,34,5,70.58,Very Strong
resistance,25310.35,2025-10-14 09:30:00,2028,2029,25310.35,25298.05,25292.2,25236.85,0.29039503602281286,12,4,70.58,Very Strong
resistance,22426.55,2024-04-15 11:00:00,943,944,22426.55,22426.45,22424.55,22361.9,0.28827438906117,26,3,70.58,Very Strong
resistance,25189.85,2024-10-09 10:15:00,1200,1201,25189.85,25171.85,25171.0,25117.6,0.2868218746836524,56,8,70.57,Very Strong
resistance,25220.35,2025-10-07 14:15:00,1918,1919,25214.55,25220.35,25212.55,25153.25,0.2660549913066177,27,7,70.53,Very Strong
resistance,25884.15,2025-10-20 14:15:00,2151,2152,25861.7,25884.15,25861.05,25817.15,0.2588456642385398,9,3,70.52,Very Strong
resistance,23292.9,2025-04-02 09:30:00,1483,1484,23250.65,23292.9,23246.5,23234.0,0.2528667533883778,42,6,70.51,Very Strong
resistance,25134.35,2025-10-08 14:00:00,1943,1944,25131.95,25134.35,25127.85,25070.3,0.2548305406744128,19,5,70.51,Very Strong
resistance,23258.8,2025-04-01 11:30:00,1465,1466,23258.8,23249.4,23250.85,23200.1,0.2523775947168415,24,6,70.5,Very Strong
resistance,23252.25,2025-04-01 12:45:00,1470,1471,23252.25,23233.2,23228.05,23194.6,0.24793299573160213,17,6,70.5,Very Strong
resistance,22696.95,2024-04-08 13:15:00,848,849,22696.05,22696.95,22695.25,22639.8,0.2517959461513615,32,7,70.5,Very Strong
resistance,22568.1,2024-04-04 14:45:00,802,803,22564.95,22568.1,22563.95,22514.7,0.23661717202599167,16,5,70.47,Very Strong
resistance,17649.1,2023-04-10 10:15:00,108,109,17649.1,17636.4,17630.0,17609.3,0.22550724966145172,55,7,70.45,Very Strong
resistance,24667.75,2025-09-29 12:30:00,1781,1782,24667.75,24659.7,24658.55,24613.5,0.21992277366196755,30,4,70.44,Very Strong
resistance,25159.75,2024-10-09 13:00:00,1211,1212,25159.75,25141.4,25140.5,25104.35,0.22019296694125123,65,5,70.44,Very Strong
resistance,25079.1,2024-10-10 11:00:00,1229,1230,25079.1,25075.6,25072.0,25025.05,0.21551810072928962,71,4,70.43,Very Strong
resistance,23296.9,2025-04-02 12:45:00,1496,1497,23294.95,23296.9,23286.15,23247.9,0.2103284127931184,30,4,70.42,Very Strong
resistance,22664.3,2024-04-09 14:00:00,877,878,22664.3,22659.05,22652.7,22617.5,0.20649214844490799,18,4,70.41,Very Strong
resistance,22529.1,2024-04-01 09:30:00,703,704,22517.85,22529.1,22493.85,22482.6,0.20639972302488782,27,7,70.41,Very Strong
resistance,23512.75,2025-03-26 15:15:00,1402,1403,23512.75,23501.75,23501.45,23464.3,0.20605841511520656,8,5,70.41,Very Strong
resistance,25119.9,2025-10-09 09:30:00,1951,1952,25111.25,25119.9,25108.1,25068.0,0.2066091027432492,10,3,70.41,Very Strong
resistance,17676.55,2023-04-17 11:00:00,215,216,17676.55,17668.45,17655.2,17640.95,0.20139676577159313,34,4,70.4,Very Strong
resistance,24942.15,2024-10-08 10:45:00,1176,1177,24942.15,24926.9,24922.25,24894.65,0.1904406797329019,22,4,70.38,Very Strong
resistance,23626.7,2025-03-27 10:30:00,1409,1410,23619.85,23626.7,23617.8,23583.3,0.1836904857639935,20,6,70.37,Very Strong
resistance,24826.2,2025-09-26 10:00:00,1745,1746,24826.2,24818.95,24817.2,24780.5,0.1840797222289385,28,5,70.37,Very Strong
resistance,25792.45,2024-10-01 11:00:00,1073,1074,25792.45,25791.5,25786.9,25745.75,0.1810607367659944,18,4,70.36,Very Strong
resistance,17660.45,2023-04-10 09:45:00,106,107,17656.2,17660.45,17650.9,17628.85,0.1789308879445438,47,6,70.36,Very Strong
resistance,22326.0,2024-03-28 10:15:00,680,681,22316.65,22326.0,22306.25,22285.35,0.1820747110991734,14,4,70.36,Very Strong
resistance,25053.8,2025-09-25 10:30:00,1721,1722,25048.95,25053.8,25043.55,25008.15,0.18220788862367313,19,3,70.36,Very Strong
resistance,25181.1,2025-10-09 11:45:00,1960,1961,25174.0,25181.1,25154.4,25136.65,0.17652127984876392,29,5,70.35,Very Strong
resistance,25134.0,2024-10-10 10:15:00,1226,1227,25129.8,25134.0,25116.95,25090.5,0.17307233229887803,63,5,70.35,Very Strong
resistance,25872.9,2024-09-30 14:00:00,1059,1060,25870.65,25872.9,25868.6,25829.15,0.16909584932496938,28,7,70.34,Very Strong
resistance,25182.45,2025-10-09 14:00:00,1969,1970,25168.9,25182.45,25164.8,25140.25,0.16757702288697376,25,4,70.34,Very Strong
resistance,22671.9,2024-04-09 14:30:00,879,880,22671.9,22652.65,22651.2,22633.65,0.16871104759636377,18,4,70.34,Very Strong
resistance,22580.2,2024-04-04 13:30:00,797,798,22551.95,22580.2,22544.8,22541.8,0.17006049547834587,18,5,70.34,Very Strong
resistance,22424.9,2025-04-09 10:30:00,1617,1618,22424.9,22403.1,22398.2,22386.6,0.17079228892883763,17,6,70.34,Very Strong
resistance,24679.0,2025-09-30 10:00:00,1797,1798,24667.95,24679.0,24659.95,24636.7,0.1714007860934368,17,8,70.34,Very Strong
resistance,17353.75,2023-04-03 11:00:00,33,34,17353.75,17344.85,17338.85,17324.3,0.1697039544767023,9,3,70.34,Very Strong
resistance,22720.05,2024-04-10 11:15:00,892,893,22720.05,22707.45,22706.3,22681.95,0.16769329292848628,12,3,70.34,Very Strong
resistance,25854.9,2024-09-30 15:00:00,1063,1064,25854.9,25848.05,25842.95,25812.25,0.16495905998476673,44,8,70.33,Very Strong
resistance,25286.5,2024-10-03 14:15:00,1112,1113,25286.5,25276.05,25276.55,25244.8,0.16491012991122034,32,6,70.33,Very Strong
resistance,25028.3,2024-10-11 10:15:00,1252,1253,25028.3,25024.35,25022.25,24988.85,0.1576215723800687,32,3,70.32,Very Strong
resistance,19588.6,2023-10-09 10:30:00,421,422,19588.6,19578.65,19575.15,19556.95,0.16157356829991842,19,5,70.32,Very Strong
resistance,22520.9,2024-04-03 13:00:00,769,770,22520.9,22504.95,22502.75,22485.3,0.15807538775094326,30,5,70.32,Very Strong
resistance,25299.05,2025-10-10 10:30:00,1981,1982,25299.05,25287.45,25276.2,25258.7,0.1594921548437532,28,5,70.32,Very Strong
resistance,24822.35,2025-10-03 10:30:00,1851,1852,24812.75,24822.35,24812.6,24782.85,0.15913078334645997,14,4,70.32,Very Strong
resistance,22410.2,2025-04-09 11:00:00,1619,1620,22410.2,22394.6,22393.55,22374.55,0.1590793477969918,10,3,70.32,Very Strong
resistance,23280.65,2025-04-03 09:30:00,1509,1510,23263.0,23280.65,23251.2,23244.8,0.15399054579662588,20,5,70.31,Very Strong
resistance,25159.6,2024-10-14 12:15:00,1286,1287,25159.6,25157.6,25154.6,25120.75,0.1544142196219278,60,6,70.31,Very Strong
resistance,23730.0,2025-03-25 12:00:00,1363,1364,23710.05,23730.0,23710.05,23693.15,0.15528866413821554,9,5,70.31,Very Strong
resistance,22450.3,2024-04-04 10:30:00,785,786,22450.3,22437.1,22419.9,22415.3,0.15589992115918272,22,4,70.31,Very Strong
resistance,22508.75,2024-04-03 13:45:00,772,773,22508.75,22501.15,22496.0,22474.15,0.1537179985561106,33,5,70.31,Very Strong
resistance,22173.2,2024-04-16 12:15:00,974,975,22171.4,22173.2,22169.75,22139.75,0.15085779228979457,11,4,70.3,Very Strong
resistance,25838.85,2024-10-01 12:15:00,1078,1079,25837.85,25838.85,25822.95,25800.25,0.14938745338898032,35,4,70.3,Very Strong
resistance,25092.0,2025-09-25 09:30:00,1717,1718,25092.0,25082.6,25058.7,25054.0,0.1514426908974972,28,5,70.3,Very Strong
resistance,17694.1,2023-04-10 13:00:00,119,120,17694.1,17689.45,17686.15,17667.5,0.1503325967412784,36,4,70.3,Very Strong
resistance,24999.65,2025-09-25 12:30:00,1729,1730,24999.65,24988.8,24983.55,24962.35,0.14920208882925526,17,5,70.3,Very Strong
resistance,24683.5,2025-09-30 11:15:00,1802,1803,24670.7,24683.5,24666.9,24647.15,0.1472643668847552,14,7,70.29,Very Strong
resistance,24795.3,2025-09-26 13:00:00,1757,1758,24795.3,24788.0,24774.4,24758.75,0.14740696825607788,17,6,70.29,Very Strong
resistance,24680.05,2025-09-30 13:15:00,1810,1811,24673.55,24680.05,24664.95,24644.25,0.14505643221954279,8,3,70.29,Very Strong
resistance,25256.55,2025-10-13 15:00:00,2025,2026,25256.55,25251.4,25249.2,25220.45,0.14293321930350164,8,4,70.29,Very Strong
resistance,25114.1,2025-09-24 10:30:00,1695,1696,25114.1,25104.35,25097.8,25078.15,0.14314667855904487,36,6,70.29,Very Strong
resistance,24833.8,2025-10-03 10:00:00,1849,1850,24833.0,24833.8,24828.55,24798.35,0.14274899532089624,16,5,70.29,Very Strong
resistance,19540.9,2023-10-09 15:00:00,439,440,19537.3,19540.9,19533.05,19512.7,0.14431269798218468,18,4,70.29,Very Strong
resistance,22623.85,2024-04-08 09:45:00,834,835,22623.85,22615.4,22607.0,22591.65,0.1423276763238666,9,3,70.28,Very Strong
resistance,22563.75,2024-04-12 14:30:00,931,932,22563.75,22562.5,22548.15,22532.05,0.14049083153288228,8,4,70.28,Very Strong
resistance,24811.8,2025-10-01 12:15:00,1832,1833,24811.8,24808.35,24803.35,24777.2,0.13944977792823796,17,4,70.28,Very Strong
resistance,25010.4,2025-09-25 13:15:00,1732,1733,25010.4,24999.15,24989.7,24976.0,0.13754278220260951,12,7,70.28,Very Strong
resistance,23307.0,2025-04-02 13:30:00,1499,1500,23300.45,23307.0,23298.25,23274.6,0.13901403011971278,24,5,70.28,Very Strong
resistance,23613.5,2025-03-27 11:15:00,1412,1413,23605.65,23613.5,23602.9,23580.15,0.14123276939038493,28,5,70.28,Very Strong
resistance,19736.25,2023-10-13 09:30:00,521,522,19734.15,19736.25,19724.7,19708.4,0.1411108999936591,17,3,70.28,Very Strong
resistance,22467.5,2024-04-01 14:30:00,723,724,22467.5,22466.05,22461.2,22436.25,0.1390897963725381,40,4,70.28,Very Strong
resistance,19591.3,2023-10-19 10:30:00,629,630,19591.3,19589.0,19584.95,19563.75,0.14062364416858134,8,5,70.28,Very Strong
resistance,22434.2,2024-03-28 12:45:00,690,691,22423.1,22434.2,22414.25,22403.8,0.135507394959488,58,3,70.27,Very Strong
resistance,25037.55,2024-10-10 14:30:00,1243,1244,25037.55,25025.3,25023.3,25003.15,0.1373936347605809,41,3,70.27,Very Strong
resistance,26094.75,2025-10-23 09:45:00,2185,2186,26094.75,26084.45,26074.3,26058.9,0.1373839565429772,11,7,70.27,Very Strong
resistance,19704.0,2023-10-13 10:45:00,526,527,19704.0,19686.65,19685.25,19677.2,0.1360129922858266,19,4,70.27,Very Strong
resistance,19781.2,2023-10-16 13:00:00,561,562,19777.75,19781.2,19770.05,19754.7,0.13396558348330737,9,5,70.27,Very Strong
resistance,19568.7,2023-10-19 09:30:00,625,626,19568.7,19556.1,19553.5,19542.6,0.13337625902590455,20,6,70.27,Very Strong
resistance,17621.35,2023-04-06 11:45:00,88,89,17621.35,17617.5,17610.25,17597.85,0.1333609513459525,68,5,70.27,Very Strong
resistance,25072.2,2024-10-15 13:45:00,1318,1319,25066.2,25072.2,25064.05,25038.3,0.1352095149209142,58,7,70.27,Very Strong
resistance,25069.7,2024-10-15 14:30:00,1321,1322,25065.8,25069.7,25062.8,25035.95,0.13462466642999318,55,7,70.27,Very Strong
resistance,25141.35,2024-10-14 12:45:00,1288,1289,25140.65,25141.35,25137.7,25108.75,0.1296668635534629,52,3,70.26,Very Strong
resistance,25131.8,2024-10-14 10:15:00,1278,1279,25131.8,25118.4,25100.15,25099.45,0.12872138087999485,59,4,70.26,Very Strong
resistance,22516.85,2024-04-05 11:15:00,814,815,22514.65,22516.85,22514.4,22487.25,0.13145710878741276,18,5,70.26,Very Strong
resistance,25326.0,2025-10-15 11:00:00,2060,2061,25317.6,25326.0,25315.95,25292.6,0.13188028113401823,14,4,70.26,Very Strong
resistance,17632.85,2023-04-19 15:15:00,284,285,17632.85,17629.35,17628.6,17610.2,0.12845342641715787,22,6,70.26,Very Strong
resistance,17770.1,2023-04-13 12:00:00,193,194,17770.1,17768.75,17769.2,17746.6,0.13224461314230085,8,4,70.26,Very Strong
resistance,25315.2,2025-10-10 11:15:00,1984,1985,25310.7,25315.2,25309.95,25282.55,0.1289738971053022,35,5,70.26,Very Strong
resistance,19831.5,2023-10-11 09:45:00,470,471,19822.15,19831.5,19809.0,19806.1,0.12807906613217082,62,6,70.26,Very Strong
resistance,25109.7,2024-10-09 09:45:00,1198,1199,25091.0,25109.7,25086.55,25076.95,0.13042768332556742,67,6,70.26,Very Strong
resistance,22750.0,2024-04-09 12:00:00,869,870,22748.8,22750.0,22746.35,22720.5,0.12967032967032965,9,5,70.26,Very Strong
resistance,25277.8,2024-10-03 14:45:00,1114,1115,25277.8,25273.85,25248.05,25246.75,0.12283505684829879,25,6,70.25,Very Strong
resistance,25141.15,2024-10-09 14:00:00,1215,1216,25118.05,25141.15,25111.6,25109.55,0.1256903522710862,64,6,70.25,Very Strong
resistance,22445.15,2024-04-02 11:15:00,736,737,22436.35,22445.15,22432.4,22417.45,0.12341196204971108,49,6,70.25,Very Strong
resistance,24965.25,2024-10-11 11:15:00,1256,1257,24965.25,24961.05,24952.5,24934.3,0.12397232152692535,40,3,70.25,Very Strong
resistance,24946.9,2024-10-08 12:30:00,1183,1184,24946.9,24935.85,24930.75,24915.15,0.12727032216427692,24,3,70.25,Very Strong
resistance,22502.45,2024-04-05 10:00:00,809,810,22502.45,22491.9,22487.25,22474.6,0.12376430122054347,22,4,70.25,Very Strong
resistance,17613.0,2023-04-06 15:00:00,101,102,17613.0,17608.1,17605.65,17591.35,0.12292057003350625,43,3,70.25,Very Strong
resistance,19807.3,2023-10-12 15:15:00,518,519,19807.3,19802.5,19799.2,19782.9,0.12318690583773567,13,3,70.25,Very Strong
resistance,17620.0,2023-04-21 10:15:00,316,317,17619.55,17620.0,17617.65,17597.6,0.12712826333712518,14,5,70.25,Very Strong
resistance,25217.0,2025-10-13 13:45:00,2020,2021,25205.2,25217.0,25198.25,25185.65,0.12432089463456615,9,5,70.25,Very Strong
resistance,25232.45,2025-10-13 09:45:00,2004,2005,25217.25,25232.45,25216.25,25201.3,0.12345214198384008,19,5,70.25,Very Strong
resistance,22596.2,2024-04-12 13:00:00,925,926,22588.0,22596.2,22588.0,22568.05,0.12457846894611242,9,3,70.25,Very Strong
resistance,17696.75,2023-04-11 12:00:00,141,142,17696.75,17693.1,17691.85,17675.65,0.11923093223331145,29,4,70.24,Very Strong
resistance,22591.5,2024-04-12 13:30:00,927,928,22591.5,22590.35,22583.8,22564.3,0.12039926521036995,8,3,70.24,Very Strong
resistance,19660.5,2023-10-19 11:45:00,634,635,19660.5,19656.4,19641.95,19637.25,0.11825741969939726,12,5,70.24,Very Strong
resistance,25217.95,2025-10-13 13:15:00,2018,2019,25212.25,25217.95,25210.0,25187.75,0.11975596747555105,11,6,70.24,Very Strong
resistance,17688.6,2023-04-11 13:00:00,145,146,17688.6,17682.75,17682.8,17667.6,0.11872053186798277,31,4,70.24,Very Strong
resistance,22489.05,2024-04-01 12:00:00,713,714,22482.3,22489.05,22481.55,22462.2,0.11939143716608103,47,5,70.24,Very Strong
resistance,25452.75,2025-10-16 10:00:00,2082,2083,25452.75,25445.75,25434.55,25423.45,0.11511526259441228,8,3,70.23,Very Strong
resistance,24791.15,2025-09-29 10:30:00,1773,1774,24791.15,24775.65,24771.5,24763.25,0.11254016050082974,15,5,70.23,Very Strong
resistance,25060.2,2025-09-25 10:00:00,1719,1720,25060.2,25057.8,25054.35,25031.7,0.11372614743697176,27,5,70.23,Very Strong
resistance,17638.7,2023-04-06 13:00:00,93,94,17638.7,17636.15,17632.6,17618.45,0.11480437900752323,57,6,70.23,Very Strong
resistance,22500.75,2024-04-03 14:15:00,774,775,22497.35,22500.75,22494.95,22475.15,0.11377398531159424,30,4,70.23,Very Strong
resistance,25862.45,2025-10-20 10:15:00,2135,2136,25858.65,25862.45,25856.55,25832.9,0.1142583165941327,36,4,70.23,Very Strong
resistance,25199.05,2025-10-09 15:15:00,1974,1975,25199.05,25194.45,25177.7,25170.3,0.11409160265962406,26,6,70.23,Very Strong
resistance,25053.8,2024-10-10 13:15:00,1238,1239,25037.7,25053.8,25035.4,25025.3,0.11375519881215626,58,4,70.23,Very Strong
resistance,22727.1,2024-04-10 09:45:00,886,887,22727.1,22722.7,22720.75,22700.55,0.11682088783874438,18,5,70.23,Very Strong
resistance,22528.35,2024-04-05 14:00:00,825,826,22510.95,22528.35,22508.35,22504.05,0.10786409124502803,10,5,70.22,Very Strong
resistance,22491.5,2024-04-01 11:30:00,711,712,22491.5,22487.2,22481.75,22467.25,0.10781850921459217,48,5,70.22,Very Strong
resistance,26208.1,2024-09-27 13:15:00,1030,1031,26208.1,26193.45,26189.85,26179.7,0.10836344488916716,8,4,70.22,Very Strong
resistance,25315.65,2025-10-15 12:00:00,2064,2065,25315.65,25312.8,25306.95,25288.25,0.1082334445293779,10,4,70.22,Very Strong
resistance,24988.9,2024-10-08 11:30:00,1179,1180,24975.95,24988.9,24973.8,24961.05,0.11144948357071413,53,3,70.22,Very Strong
resistance,25086.25,2024-10-07 10:00:00,1147,1148,25083.75,25086.25,25077.75,25058.8,0.10942249240121871,89,7,70.22,Very Strong
resistance,22455.4,2024-04-02 10:15:00,732,733,22455.4,22448.35,22433.6,22430.15,0.11244511342483321,39,4,70.22,Very Strong
resistance,23180.5,2025-04-01 13:45:00,1474,1475,23180.5,23178.35,23171.1,23154.75,0.11108474795625634,8,3,70.22,Very Strong
resistance,19827.45,2023-10-12 11:15:00,502,503,19827.45,19824.8,19824.45,19805.8,0.10919205444977267,38,6,70.22,Very Strong
resistance,19414.0,2023-10-04 10:00:00,341,342,19414.0,19402.5,19400.65,19392.95,0.10842690841660282,10,4,70.22,Very Strong
resistance,17691.1,2023-04-17 13:00:00,223,224,17691.1,17683.15,17680.35,17671.25,0.11220331126950019,22,4,70.22,Very Strong
resistance,25192.0,2025-10-08 09:45:00,1926,1927,25192.0,25178.3,25177.4,25165.0,0.10717688154969832,32,6,70.21,Very Strong
resistance,19663.9,2023-10-19 13:00:00,639,640,19663.9,19656.4,19652.35,19643.7,0.1027263157359462,8,4,70.21,Very Strong
resistance,23311.85,2025-04-02 11:00:00,1489,1490,23302.0,23311.85,23292.7,23287.5,0.1044533145160017,35,5,70.21,Very Strong
resistance,19549.55,2023-10-05 13:00:00,379,380,19549.55,19546.0,19543.35,19529.35,0.10332718655928513,46,6,70.21,Very Strong
resistance,23330.65,2025-04-15 09:45:00,1666,1667,23318.55,23330.65,23310.95,23306.1,0.1052263867487743,21,4,70.21,Very Strong
resistance,17381.3,2023-03-31 15:00:00,23,24,17376.95,17381.3,17366.6,17363.2,0.10413490360328943,10,5,70.21,Very Strong
resistance,25873.0,2024-10-01 09:45:00,1068,1069,25869.55,25873.0,25861.3,25845.7,0.10551540215668563,24,6,70.21,Very Strong
resistance,25359.4,2024-10-04 11:00:00,1125,1126,25359.4,25349.4,25339.45,25332.6,0.1056807337713152,9,4,70.21,Very Strong
resistance,24979.9,2024-10-11 13:30:00,1265,1266,24979.9,24976.1,24965.95,24953.6,0.10528464885769323,34,4,70.21,Very Strong
resistance,19713.2,2023-10-13 10:00:00,523,524,19713.0,19713.2,19711.45,19692.55,0.10475214577035416,24,3,70.21,Very Strong
resistance,26099.6,2025-10-23 10:15:00,2187,2188,26096.7,26099.6,26095.9,26073.4,0.10038468022497314,8,5,70.2,Very Strong
resistance,22918.8,2025-04-04 14:15:00,1554,1555,22913.8,22918.8,22909.6,22895.4,0.1020995863657688,9,6,70.2,Very Strong
resistance,25146.3,2024-10-14 14:45:00,1296,1297,25146.3,25139.55,25136.2,25121.0,0.10061122312228549,47,5,70.2,Very Strong
resistance,25330.2,2025-10-10 13:45:00,1994,1995,25330.2,25324.6,25316.25,25304.95,0.09968338189197085,21,7,70.2,Very Strong
resistance,19708.45,2023-10-10 15:00:00,465,466,19708.45,19705.8,19702.6,19688.3,0.10224040957052154,26,5,70.2,Very Strong
resistance,24805.7,2025-09-26 10:45:00,1748,1749,24803.8,24805.7,24800.35,24781.45,0.09775978908073547,21,8,70.2,Very Strong
resistance,25039.65,2024-10-16 11:00:00,1333,1334,25034.55,25039.65,25031.75,25015.1,0.09804450142075832,27,7,70.2,Very Strong
resistance,25051.1,2024-10-10 12:30:00,1235,1236,25051.1,25046.35,25041.9,25026.3,0.09899764880583796,57,5,70.2,Very Strong
resistance,22688.25,2024-04-08 14:30:00,853,854,22679.2,22688.25,22669.2,22665.15,0.10181481603913278,31,7,70.2,Very Strong
resistance,25201.95,2025-10-07 10:15:00,1902,1903,25201.95,25191.6,25183.65,25177.0,0.09900027577231417,40,5,70.2,Very Strong
resistance,22213.5,2024-04-16 10:00:00,965,966,22202.9,22213.5,22198.55,22191.4,0.09948904945190332,12,6,70.2,Very Strong
resistance,25062.75,2024-10-04 14:15:00,1138,1139,25062.75,25049.4,25045.4,25037.7,0.09994912768949646,93,7,70.2,Very Strong
resistance,22706.55,2024-04-09 13:00:00,873,874,22706.55,22700.0,22698.1,22683.55,0.10129235837236393,27,6,70.2,Very Strong
resistance,22491.35,2024-04-04 12:45:00,794,795,22472.5,22491.35,22467.75,22468.85,0.10003845922988172,22,3,70.2,Very Strong
resistance,22664.65,2024-04-12 10:00:00,913,914,22664.65,22660.95,22650.7,22641.7,0.1012590090736046,10,4,70.2,Very Strong
resistance,22429.05,2024-04-04 11:15:00,788,789,22421.8,22429.05,22417.45,22407.55,0.09585782723744429,28,4,70.19,Very Strong
resistance,23638.05,2025-03-26 12:45:00,1392,1393,23626.45,23638.05,23624.2,23615.2,0.09666618016290915,12,6,70.19,Very Strong
resistance,25000.1,2024-10-11 09:30:00,1249,1250,25000.1,24992.8,24986.75,24975.8,0.0971996112015523,40,3,70.19,Very Strong
resistance,22768.35,2024-04-09 10:45:00,864,865,22768.35,22760.75,22760.15,22746.95,0.09399012225303027,9,5,70.19,Very Strong
resistance,25822.6,2024-10-01 13:30:00,1083,1084,25816.75,25822.6,25813.55,25798.4,0.09371635698960248,27,4,70.19,Very Strong
resistance,22209.4,2024-04-16 10:30:00,967,968,22192.45,22209.4,22190.8,22188.35,0.0947796878799198,12,5,70.19,Very Strong
resistance,22715.25,2024-04-10 10:15:00,888,889,22708.15,22715.25,22707.3,22694.0,0.09354948767898218,18,4,70.19,Very Strong
resistance,22367.85,2024-03-28 10:45:00,682,683,22367.85,22364.95,22355.5,22346.45,0.09567303071148017,21,4,70.19,Very Strong
resistance,19576.4,2023-10-09 11:00:00,423,424,19575.6,19576.4,19575.5,19558.2,0.09296908522507062,25,7,70.19,Very Strong
resistance,24674.65,2025-09-26 14:45:00,1764,1765,24668.1,24674.65,24661.1,24650.6,0.09746845446643786,36,3,70.19,Very Strong
resistance,19828.45,2023-10-11 15:00:00,491,492,19828.45,19827.2,19823.1,19809.85,0.09380460903400005,49,5,70.19,Very Strong
resistance,19717.1,2023-10-10 14:30:00,463,464,19717.1,19714.55,19714.6,19698.25,0.09560229445505955,27,7,70.19,Very Strong
resistance,25004.05,2025-09-25 13:45:00,1734,1735,24993.3,25004.05,24992.9,24980.0,0.09618441812426096,11,6,70.19,Very Strong
resistance,17693.35,2023-04-17 12:30:00,221,222,17683.85,17693.35,17682.6,17677.8,0.08788612670861806,22,6,70.18,Very Strong
resistance,25229.4,2025-10-13 10:30:00,2007,2008,25209.5,25229.4,25206.3,25206.2,0.09195620981870646,17,3,70.18,Very Strong
resistance,17779.4,2023-04-12 09:30:00,157,158,17775.4,17779.4,17763.7,17763.75,0.0880232178813765,23,4,70.18,Very Strong
resistance,23316.0,2025-04-15 11:00:00,1671,1672,23315.1,23316.0,23309.55,23295.15,0.08942357179618521,11,4,70.18,Very Strong
resistance,17703.5,2023-04-17 14:30:00,229,230,17697.2,17703.5,17694.3,17687.75,0.08896545880758042,15,5,70.18,Very Strong
resistance,23298.9,2025-04-02 14:00:00,1501,1502,23290.15,23298.9,23287.65,23278.3,0.08841619132234647,23,5,70.18,Very Strong
resistance,23285.1,2025-04-02 10:30:00,1487,1488,23268.95,23285.1,23267.35,23264.6,0.0880391323206686,35,6,70.18,Very Strong
resistance,17652.05,2023-04-19 11:15:00,268,269,17652.05,17650.6,17649.6,17635.9,0.09149079002154321,18,5,70.18,Very Strong
resistance,23300.0,2025-04-02 12:15:00,1494,1495,23285.85,23300.0,23281.45,23278.8,0.09098712446352243,31,4,70.18,Very Strong
resistance,23294.75,2025-04-03 12:00:00,1519,1520,23294.75,23292.4,23289.75,23273.5,0.09122227111258975,14,7,70.18,Very Strong
resistance,17696.35,2023-04-18 10:45:00,240,241,17694.3,17696.35,17693.45,17680.4,0.09013158080619502,10,6,70.18,Very Strong
resistance,22209.05,2024-04-16 11:15:00,970,971,22201.05,22209.05,22201.05,22189.3,0.08892771190122946,9,4,70.18,Very Strong
resistance,17720.7,2023-04-11 14:15:00,150,151,17720.7,17715.7,17713.65,17705.0,0.08859695158769533,10,6,70.18,Very Strong
resistance,25084.85,2025-10-08 14:45:00,1946,1947,25084.85,25083.9,25068.4,25061.7,0.09228677867317453,10,3,70.18,Very Strong
resistance,19592.85,2023-10-19 10:00:00,627,628,19592.85,19592.5,19588.7,19575.4,0.0890631021010067,10,7,70.18,Very Strong
resistance,22524.4,2024-04-01 10:00:00,705,706,22523.3,22524.4,22520.05,22503.65,0.09212232068334783,32,5,70.18,Very Strong
resistance,25161.4,2025-10-09 12:30:00,1963,1964,25161.4,25149.9,25144.75,25138.3,0.09180729212206865,22,3,70.18,Very Strong
resistance,22435.45,2025-04-09 11:45:00,1622,1623,22435.45,22435.35,22433.0,22414.85,0.09181897398983387,9,5,70.18,Very Strong
resistance,22436.8,2024-04-02 11:45:00,738,739,22436.8,22428.25,22425.8,22417.15,0.08757933395135589,47,6,70.18,Very Strong
resistance,19811.2,2023-10-11 13:45:00,486,487,19811.2,19811.0,19808.65,19793.45,0.08959578420287513,44,5,70.18,Very Strong
resistance,23607.55,2025-03-27 13:00:00,1419,1420,23606.05,23607.55,23598.8,23586.6,0.08874279626645175,18,7,70.18,Very Strong
resistance,19750.2,2023-10-13 13:15:00,536,537,19749.0,19750.2,19743.95,19732.25,0.09088515559336477,22,4,70.18,Very Strong
resistance,25484.75,2024-10-04 12:15:00,1130,1131,25471.0,25484.75,25468.85,25462.5,0.08730711503938629,9,4,70.17,Very Strong
resistance,25234.0,2024-10-09 11:15:00,1204,1205,25219.25,25234.0,25215.6,25212.45,0.08540064991677607,30,7,70.17,Very Strong
resistance,22675.3,2024-04-08 13:45:00,850,851,22675.3,22671.7,22670.3,22655.85,0.08577615290646971,32,5,70.17,Very Strong
resistance,25095.7,2025-10-06 15:00:00,1895,1896,25095.7,25084.7,25083.8,25074.5,0.08447662348530117,21,4,70.17,Very Strong
resistance,24832.55,2025-10-03 11:15:00,1854,1855,24816.1,24832.55,24815.6,24811.45,0.08496912318710138,12,5,70.17,Very Strong
resistance,17627.95,2023-04-20 12:30:00,299,300,17627.95,17625.8,17625.25,17613.4,0.08253937638806141,22,3,70.17,Very Strong
resistance,25093.25,2024-10-16 09:45:00,1328,1329,25083.75,25093.25,25078.75,25071.55,0.08647743915196608,49,6,70.17,Very Strong
resistance,24683.45,2025-09-30 12:30:00,1807,1808,24679.4,24683.45,24673.8,24662.05,0.08669776712737261,11,5,70.17,Very Strong
resistance,25155.65,2024-10-09 12:30:00,1209,1210,25144.05,25155.65,25136.7,25134.8,0.08288396443742134,71,7,70.17,Very Strong
resistance,19534.25,2023-10-09 13:45:00,434,435,19534.25,19530.5,19529.65,19517.25,0.08702663270921587,17,4,70.17,Very Strong
resistance,23562.35,2025-03-26 14:15:00,1398,1399,23562.35,23562.25,23550.5,23542.4,0.08466897401998141,12,3,70.17,Very Strong
resistance,23705.35,2025-03-25 12:45:00,1366,1367,23699.4,23705.35,23696.9,23684.8,0.08668929165778727,14,6,70.17,Very Strong
resistance,25266.95,2025-10-13 14:30:00,2023,2024,25266.95,25258.9,25251.4,25245.85,0.08350829838980242,8,4,70.17,Very Strong
resistance,19766.5,2023-10-16 10:45:00,552,553,19765.95,19766.5,19764.95,19750.0,0.08347456555282928,19,4,70.17,Very Strong
resistance,22463.45,2024-04-03 10:45:00,760,761,22463.45,22457.1,22456.2,22444.65,0.08369150776038085,23,4,70.17,Very Strong
resistance,22473.3,2024-04-01 14:00:00,721,722,22463.6,22473.3,22460.2,22454.5,0.08365482594901182,39,4,70.17,Very Strong
resistance,23306.25,2025-04-03 10:30:00,1513,1514,23306.25,23300.95,23298.3,23287.75,0.07937784928935372,17,8,70.16,Very Strong
resistance,25298.35,2025-10-10 11:45:00,1986,1987,25298.35,25290.65,25284.35,25277.65,0.08182351813457041,23,6,70.16,Very Strong
resistance,17615.8,2023-04-19 14:30:00,281,282,17613.8,17615.8,17608.95,17602.05,0.0780549279623974,37,4,70.16,Very Strong
resistance,17632.8,2023-04-20 11:30:00,295,296,17625.2,17632.8,17621.5,17618.3,0.08223311102037113,15,6,70.16,Very Strong
resistance,23349.85,2025-04-02 15:15:00,1506,1507,23349.85,23342.0,23337.75,23330.8,0.0815851065424372,15,6,70.16,Very Strong
resistance,19664.65,2023-10-19 12:15:00,636,637,19664.65,19664.15,19661.3,19649.0,0.07958443196294597,11,5,70.16,Very Strong
resistance,22511.85,2024-04-05 12:30:00,819,820,22511.85,22509.5,22504.35,22493.7,0.08062420458557523,13,5,70.16,Very Strong
resistance,22479.85,2024-04-01 12:45:00,716,717,22479.85,22475.05,22474.6,22461.65,0.08096139431534059,43,3,70.16,Very Strong
resistance,24969.1,2024-10-11 12:30:00,1261,1262,24964.0,24969.1,24961.75,24948.75,0.0815007349083409,36,4,70.16,Very Strong
resistance,19658.0,2023-10-06 11:00:00,397,398,19658.0,19654.7,19651.45,19642.45,0.07910265540746399,34,3,70.16,Very Strong
resistance,17620.55,2023-04-06 11:15:00,86,87,17619.55,17620.55,17618.25,17607.15,0.07604756945724066,68,5,70.15,Very Strong
resistance,25111.5,2025-09-24 12:30:00,1703,1704,25104.65,25111.5,25096.7,25092.4,0.07606076897038626,30,7,70.15,Very Strong
resistance,25201.25,2025-10-13 11:15:00,2010,2011,25201.25,25195.7,25191.4,25181.8,0.07717871137344666,18,3,70.15,Very Strong
resistance,17373.7,2023-03-31 14:15:00,20,21,17365.55,17373.7,17360.8,17360.4,0.07655249025825973,19,5,70.15,Very Strong
resistance,25097.65,2024-10-15 10:45:00,1306,1307,25097.2,25097.65,25089.25,25078.25,0.07729807372403971,56,9,70.15,Very Strong
resistance,25077.5,2024-10-15 12:45:00,1314,1315,25072.4,25077.5,25068.55,25058.8,0.07456883660652269,56,7,70.15,Very Strong
resistance,19525.4,2023-10-09 13:00:00,431,432,19522.55,19525.4,19513.35,19510.55,0.07605477992769512,12,5,70.15,Very Strong
resistance,19836.5,2023-10-17 10:00:00,575,576,19836.5,19835.05,19831.35,19821.35,0.0763743603962466,25,5,70.15,Very Strong
resistance,25141.2,2024-10-14 14:15:00,1294,1295,25141.2,25140.7,25133.5,25122.25,0.0753742860324914,46,6,70.15,Very Strong
resistance,19817.85,2023-10-12 13:45:00,512,513,19817.45,19817.85,19812.7,19803.05,0.07468014946121437,30,8,70.15,Very Strong
resistance,19838.9,2023-10-11 10:45:00,474,475,19838.9,19836.95,19832.75,19823.7,0.07661715115253732,47,7,70.15,Very Strong
resistance,19626.45,2023-10-10 10:15:00,446,447,19619.1,19626.45,19617.7,19612.05,0.073370375182478,8,3,70.15,Very Strong
resistance,19569.45,2023-10-09 11:45:00,426,427,19569.0,19569.45,19567.4,19554.95,0.07409508187506547,25,5,70.15,Very Strong
resistance,19674.9,2023-10-06 15:00:00,413,414,19673.6,19674.9,19673.6,19660.25,0.07446035303865053,19,4,70.15,Very Strong
resistance,17688.25,2023-04-18 11:30:00,243,244,17688.25,17687.65,17686.35,17674.9,0.07547383149830279,9,3,70.15,Very Strong
resistance,25111.95,2025-10-08 13:15:00,1940,1941,25103.9,25111.95,25098.05,25092.65,0.07685583955049,13,6,70.15,Very Strong
resistance,22469.85,2024-04-03 11:30:00,763,764,22469.85,22464.95,22458.4,22452.45,0.07743709904604534,21,4,70.15,Very Strong
resistance,24985.15,2024-10-08 13:15:00,1186,1187,24985.15,24977.6,24975.15,24966.75,0.07364374438417001,49,5,70.15,Very Strong
resistance,25915.0,2024-09-30 12:00:00,1051,1052,25901.95,25915.0,25901.4,25895.15,0.07659656569553751,16,8,70.15,Very Strong
resistance,25892.95,2025-10-20 11:00:00,2138,2139,25887.85,25892.95,25881.0,25873.8,0.07395835545969638,15,6,70.15,Very Strong
resistance,25322.9,2025-10-15 11:30:00,2062,2063,25322.9,25320.75,25319.25,25304.85,0.07127935583998243,12,4,70.14,Very Strong
resistance,22387.85,2024-04-15 11:30:00,945,946,22381.35,22387.85,22378.75,22372.6,0.06811730469875402,14,5,70.14,Very Strong
resistance,19780.5,2023-10-16 11:45:00,556,557,19775.55,19780.5,19773.25,19766.7,0.06976567831955346,14,4,70.14,Very Strong
resistance,25050.6,2024-10-10 12:00:00,1233,1234,25045.45,25050.6,25041.05,25032.5,0.07225375839300674,59,7,70.14,Very Strong
resistance,25284.65,2025-10-10 09:45:00,1978,1979,25269.3,25284.65,25268.1,25266.4,0.07217817925104757,17,4,70.14,Very Strong
resistance,17778.65,2023-04-12 12:30:00,169,170,17776.6,17778.65,17775.55,17766.25,0.06974657805852219,16,4,70.14,Very Strong
resistance,25089.95,2024-10-15 12:00:00,1311,1312,25085.15,25089.95,25083.1,25072.15,0.07094474082251767,63,7,70.14,Very Strong
resistance,19833.35,2023-10-12 12:00:00,505,506,19831.2,19833.35,19829.55,19819.85,0.06806716969145404,36,6,70.14,Very Strong
resistance,23602.95,2025-03-27 12:15:00,1416,1417,23601.75,23602.95,23600.5,23585.95,0.0720248951931856,21,7,70.14,Very Strong
resistance,25216.35,2025-10-07 13:45:00,1916,1917,25211.55,25216.35,25210.35,25198.45,0.07098568984011491,32,8,70.14,Very Strong
resistance,17608.0,2023-04-19 14:00:00,279,280,17608.0,17604.65,17598.4,17595.55,0.07070649704680104,31,6,70.14,Very Strong
resistance,24975.45,2024-10-11 14:45:00,1270,1271,24972.25,24975.45,24965.55,24959.05,0.06566448252184226,28,3,70.13,Very Strong
resistance,24989.15,2024-10-16 13:15:00,1342,1343,24986.3,24989.15,24983.35,24973.15,0.06402778806001805,24,6,70.13,Very Strong
resistance,22506.7,2024-04-05 10:30:00,811,812,22506.7,22504.05,22493.25,22491.75,0.06642466465541695,21,4,70.13,Very Strong
resistance,23615.25,2025-03-27 11:45:00,1414,1415,23614.3,23615.25,23611.5,23600.45,0.06267136701919002,25,6,70.13,Very Strong
resistance,19567.45,2023-10-05 12:00:00,375,376,19560.95,19567.45,19556.75,19554.8,0.06464817848008532,43,7,70.13,Very Strong
resistance,19822.85,2023-10-11 12:00:00,479,480,19817.5,19822.85,19815.95,19809.85,0.06558088266823388,60,5,70.13,Very Strong
resistance,19708.45,2023-10-18 12:30:00,611,612,19708.45,19703.5,19703.25,19696.05,0.0629171751203238,10,6,70.13,Very Strong
resistance,17631.6,2023-04-20 12:00:00,297,298,17631.6,17627.85,17626.4,17620.55,0.06267156695931891,15,6,70.13,Very Strong
resistance,24780.85,2025-09-26 12:00:00,1753,1754,24780.85,24775.15,24771.2,24764.3,0.06678544117735781,22,6,70.13,Very Strong
resistance,17646.7,2023-04-19 10:30:00,265,266,17639.05,17646.7,17637.8,17634.95,0.06658468722197351,28,3,70.13,Very Strong
resistance,17689.0,2023-04-10 12:30:00,117,118,17689.0,17682.75,17682.65,17677.5,0.06501215444626604,41,7,70.13,Very Strong
resistance,22404.05,2024-04-15 12:15:00,948,949,22399.45,22404.05,22398.85,22389.3,0.06583631084558372,17,5,70.13,Very Strong
resistance,25088.2,2025-10-06 13:45:00,1890,1891,25088.2,25076.85,25074.3,25072.45,0.0627785173906458,27,4,70.13,Very Strong
resistance,22655.65,2024-04-09 15:00:00,881,882,22655.65,22652.3,22651.4,22641.55,0.06223613094306357,13,4,70.12,Very Strong
resistance,17819.05,2023-04-12 13:45:00,174,175,17819.05,17812.1,17808.2,17808.3,0.06032869316826654,15,6,70.12,Very Strong
resistance,17637.7,2023-04-10 14:45:00,126,127,17630.0,17637.7,17628.8,17627.0,0.060665506273497836,41,3,70.12,Very Strong
resistance,19818.6,2023-10-11 13:15:00,484,485,19818.6,19815.95,19814.85,19807.0,0.058530875036574455,55,5,70.12,Very Strong
resistance,22373.0,2024-03-28 11:30:00,685,686,22373.0,22370.7,22369.2,22359.3,0.06123452375631667,19,3,70.12,Very Strong
resistance,23272.85,2025-04-03 13:00:00,1523,1524,23272.85,23271.9,23270.25,23258.95,0.05972624753735712,9,7,70.12,Very Strong
resistance,17634.4,2023-04-20 15:15:00,310,311,17634.2,17634.4,17634.2,17623.9,0.059542711972054616,9,4,70.12,Very Strong
resistance,24962.5,2024-10-16 12:00:00,1337,1338,24958.6,24962.5,24956.85,24948.05,0.057886830245370974,17,5,70.12,Very Strong
resistance,19547.55,2023-10-05 09:45:00,366,367,19546.3,19547.55,19543.75,19536.05,0.05883090208235815,51,6,70.12,Very Strong
resistance,25298.6,2025-10-10 12:15:00,1988,1989,25298.6,25294.8,25286.3,25282.85,0.06225640944558197,21,7,70.12,Very Strong
resistance,23292.75,2025-04-03 11:00:00,1515,1516,23291.05,23292.75,23289.1,23278.95,0.05924590269504147,17,6,70.12,Very Strong
resistance,19557.8,2023-10-20 12:15:00,662,663,19557.05,19557.8,19546.95,19546.1,0.0598226794424768,12,5,70.12,Very Strong
resistance,25909.1,2024-09-30 12:30:00,1053,1054,25909.1,25903.55,25900.8,25894.4,0.056736822197595016,17,8,70.11,Very Strong
resistance,25320.65,2025-10-10 13:00:00,1991,1992,25320.65,25320.45,25313.9,25306.2,0.05706804525160581,28,7,70.11,Very Strong
resistance,25203.4,2025-10-13 12:00:00,2013,2014,25198.95,25203.4,25198.7,25189.65,0.054556131315616145,14,3,70.11,Very Strong
resistance,19760.55,2023-10-13 13:45:00,538,539,19757.7,19760.55,19749.85,19749.95,0.0536422316180397,24,4,70.11,Very Strong
resistance,23350.35,2025-04-15 12:45:00,1678,1679,23350.35,23346.2,23340.35,23337.8,0.053746517718146716,8,5,70.11,Very Strong
resistance,25142.05,2025-09-24 13:30:00,1707,1708,25142.05,25140.65,25133.0,25127.85,0.05647908583429247,36,5,70.11,Very Strong
resistance,17666.95,2023-04-17 12:00:00,219,220,17666.95,17665.75,17659.45,17657.2,0.05518779415801822,29,3,70.11,Very Strong
resistance,19841.5,2023-10-17 10:45:00,578,579,19840.4,19841.5,19832.9,19830.6,0.05493536274979943,18,7,70.11,Very Strong
resistance,22432.95,2024-04-02 14:30:00,749,750,22427.15,22432.95,22422.65,22420.55,0.05527583309373692,33,5,70.11,Very Strong
resistance,23250.55,2025-04-02 10:00:00,1485,1486,23250.55,23248.25,23244.65,23238.85,0.05032139024668547,12,6,70.1,Very Strong
resistance,23316.35,2025-04-15 11:30:00,1673,1674,23316.35,23312.6,23311.0,23304.9,0.04910717157701394,9,3,70.1,Very Strong
resistance,17605.35,2023-04-20 13:30:00,303,304,17605.35,17603.8,17601.95,17596.75,0.04884878744244531,20,3,70.1,Very Strong
resistance,19823.15,2023-10-11 11:30:00,477,478,19819.3,19823.15,19816.2,19813.2,0.05019383902155171,62,6,70.1,Very Strong
resistance,17662.9,2023-04-19 12:15:00,272,273,17662.9,17662.25,17654.25,17654.4,0.04812346783370794,8,7,70.1,Very Strong
resistance,19774.65,2023-10-16 12:30:00,559,560,19770.35,19774.65,19766.5,19764.65,0.05056979516704467,12,5,70.1,Very Strong
resistance,23616.8,2025-03-27 14:15:00,1424,1425,23616.8,23614.25,23609.1,23605.05,0.04975271840384811,14,7,70.1,Very Strong
resistance,22432.15,2024-04-02 12:45:00,742,743,22432.05,22432.15,22427.95,22421.15,0.049036761968870565,41,4,70.1,Very Strong
resistance,19798.35,2023-10-12 10:15:00,498,499,19796.4,19798.35,19794.95,19788.7,0.048741435523656354,21,5,70.1,Very Strong
resistance,17632.1,2023-04-10 10:45:00,110,111,17632.1,17629.35,17629.2,17623.35,0.04962539912999587,48,6,70.1,Very Strong
resistance,19668.4,2023-10-06 14:15:00,410,411,19668.4,19668.1,19664.8,19658.5,0.05033454678571442,25,4,70.1,Very Strong
resistance,22504.45,2024-04-05 13:30:00,823,824,22500.65,22504.45,22499.3,22494.65,0.043546942937949036,8,5,70.09,Very Strong
resistance,19576.45,2023-10-05 11:15:00,372,373,19573.35,19576.45,19571.55,19567.55,0.045462788197050304,40,7,70.09,Very Strong
resistance,22430.1,2024-04-02 12:15:00,740,741,22427.55,22430.1,22424.5,22420.45,0.04302254559720116,42,5,70.09,Very Strong
resistance,23609.85,2025-03-26 12:15:00,1390,1391,23609.85,23608.15,23603.75,23599.3,0.04468473963197256,34,6,70.09,Very Strong
resistance,19530.25,2023-10-09 14:30:00,437,438,19530.15,19530.25,19528.55,19521.15,0.046594385632536935,12,4,70.09,Very Strong
resistance,22713.0,2024-04-10 10:45:00,890,891,22713.0,22706.1,22705.0,22702.7,0.04534847884471128,16,4,70.09,Very Strong
resistance,17612.2,2023-04-21 11:15:00,320,321,17612.2,17612.15,17609.25,17604.5,0.043719694302816955,8,4,70.09,Very Strong
resistance,17773.15,2023-04-12 11:45:00,166,167,17773.15,17770.95,17770.45,17765.25,0.044449070648711425,16,4,70.09,Very Strong
resistance,24829.45,2025-10-03 11:45:00,1856,1857,24829.45,24828.85,24821.4,24819.5,0.04007338060247298,10,4,70.08,Very Strong
resistance,25157.6,2025-10-09 11:15:00,1958,1959,25157.6,25154.1,25152.55,25147.55,0.039948166756762465,27,5,70.08,Very Strong
resistance,22423.15,2024-04-02 13:30:00,745,746,22417.2,22423.15,22415.35,22414.35,0.03924515511871842,40,5,70.08,Very Strong
resistance,17641.8,2023-04-10 11:15:00,112,113,17641.8,17640.0,17640.0,17635.0,0.038544819689596714,51,5,70.08,Very Strong
resistance,23319.05,2025-04-15 10:30:00,1669,1670,23319.05,23315.95,23314.9,23309.6,0.04052480697112759,15,4,70.08,Very Strong
resistance,25043.85,2024-10-08 14:15:00,1190,1191,25042.1,25043.85,25036.25,25033.7,0.040528912287838406,66,5,70.08,Very Strong
resistance,22707.6,2024-04-10 12:45:00,898,899,22707.6,22704.85,22702.2,22698.2,0.04139583223237074,10,6,70.08,Very Strong
resistance,25316.1,2025-10-10 14:30:00,1997,1998,25316.1,25310.95,25308.3,25305.55,0.0416730855068485,22,7,70.08,Very Strong
resistance,19820.95,2023-10-12 10:45:00,500,501,19816.0,19820.95,19813.85,19813.5,0.037586493079296034,42,6,70.08,Very Strong
resistance,19834.55,2023-10-17 12:15:00,584,585,19834.55,19834.5,19833.65,19827.5,0.03554403805480473,16,6,70.07,Very Strong
resistance,22678.8,2024-04-08 15:00:00,855,856,22676.35,22678.8,22675.05,22671.15,0.03373194348906387,28,4,70.07,Very Strong
resistance,19700.9,2023-10-13 11:30:00,529,530,19696.5,19700.9,19693.35,19693.6,0.03705414473451928,16,5,70.07,Very Strong
resistance,22708.45,2024-04-10 12:15:00,896,897,22708.45,22705.9,22706.4,22701.05,0.03258698854391848,12,6,70.07,Very Strong
resistance,17617.3,2023-04-20 11:00:00,293,294,17615.95,17617.3,17614.6,17610.95,0.0360441157271463,31,7,70.07,Very Strong
resistance,17648.65,2023-04-18 14:30:00,255,256,17644.8,17648.65,17642.15,17642.1,0.037113320282304366,36,5,70.07,Very Strong
resistance,23314.1,2025-04-02 14:45:00,1504,1505,23314.1,23310.7,23308.75,23307.45,0.02852351152306037,23,7,70.06,Very Strong
resistance,22666.75,2024-04-12 10:45:00,916,917,22665.95,22666.75,22665.15,22659.4,0.03242635137370176,9,3,70.06,Very Strong
resistance,23612.55,2025-03-27 13:45:00,1422,1423,23607.6,23612.55,23605.6,23604.9,0.03239802562619377,17,8,70.06,Very Strong
resistance,19836.2,2023-10-17 11:15:00,580,581,19834.55,19836.2,19834.55,19830.25,0.02999566449219471,20,7,70.06,Very Strong
resistance,22505.55,2024-04-05 12:00:00,817,818,22505.4,22505.55,22500.9,22498.85,0.029770434403961366,14,5,70.06,Very Strong
resistance,22651.95,2024-04-08 11:45:00,842,843,22651.95,22651.7,22650.65,22646.25,0.02516339652877888,24,3,70.05,Very Strong
resistance,19560.35,2023-10-05 13:45:00,382,383,19560.35,19560.25,19559.2,19555.6,0.024283819052317572,45,4,70.05,Very Strong
resistance,19564.75,2023-10-05 14:45:00,386,387,19563.45,19564.75,19563.0,19560.25,0.023000549457570376,38,4,70.05,Very Strong
resistance,19657.85,2023-10-06 13:30:00,407,408,19656.85,19657.85,19656.85,19653.1,0.02416337493673011,28,5,70.05,Very Strong
resistance,19703.75,2023-10-10 13:45:00,460,461,19703.75,19702.65,19700.75,19699.2,0.02309205100551556,30,5,70.05,Very Strong
resistance,19674.55,2023-10-10 12:45:00,456,457,19674.55,19673.15,19671.35,19670.35,0.021347375162332698,15,5,70.04,Very Strong
resistance,19722.55,2023-10-13 12:45:00,534,535,19721.95,19722.55,19718.85,19719.9,0.013436396409175372,16,5,70.03,Very Strong
resistance,22874.25,2025-04-11 09:45:00,1640,1641,22857.65,22874.25,22849.0,22827.6,0.20394111282337762,7,3,65.41,Strong
resistance,22584.35,2024-04-12 14:00:00,929,930,22584.35,22582.4,22580.55,22544.7,0.17556405209801398,7,3,65.35,Strong
resistance,22136.05,2024-04-16 13:00:00,977,978,22136.05,22131.45,22132.0,22100.65,0.15992013028520363,7,3,65.32,Strong
resistance,24867.85,2025-10-01 14:45:00,1842,1843,24860.2,24867.85,24849.4,24835.35,0.13069083173655946,7,4,65.26,Strong
resistance,22154.3,2024-04-16 14:15:00,982,983,22154.3,22153.05,22143.05,22133.35,0.09456403497289793,7,5,65.19,Strong
resistance,17381.9,2023-04-03 10:00:00,29,30,17379.6,17381.9,17374.75,17367.9,0.0805435539267859,7,3,65.16,Strong
resistance,23278.4,2025-04-03 13:30:00,1525,1526,23270.35,23278.4,23268.35,23264.65,0.05906763351433088,7,5,65.12,Strong
resistance,22434.05,2025-04-09 12:15:00,1624,1625,22432.15,22434.05,22432.15,22421.0,0.05817050421122923,7,4,65.12,Strong
resistance,25336.1,2025-10-15 13:00:00,2068,2069,25331.7,25336.1,25331.05,25325.5,0.04183753616380795,7,4,65.08,Strong
resistance,19710.55,2023-10-18 13:15:00,614,615,19710.55,19709.95,19709.65,19705.7,0.024606111955265304,7,4,65.05,Strong
resistance,17651.95,2023-04-17 09:45:00,210,211,17646.05,17651.95,17636.6,17583.25,0.3891921289149398,41,2,60.78,Strong
resistance,25924.65,2025-10-20 09:30:00,2132,2133,25924.65,25895.3,25878.65,25840.9,0.3230516130400989,6,4,60.65,Strong
resistance,25005.9,2024-10-07 11:30:00,1153,1154,25005.9,24990.0,24975.2,24948.5,0.22954582718479022,53,2,60.46,Strong
resistance,17777.6,2023-04-13 13:00:00,197,198,17776.15,17777.6,17776.15,17750.0,0.15525155251551698,6,3,60.31,Strong
resistance,25059.85,2024-10-16 14:30:00,1347,1348,25059.85,25059.05,25050.35,25023.9,0.14345656498341808,39,2,60.29,Strong
resistance,19804.9,2023-10-13 14:30:00,541,542,19804.9,19803.75,19798.85,19778.45,0.13355280763851737,11,2,60.27,Strong
resistance,25776.7,2025-10-17 11:30:00,2114,2115,25771.75,25776.7,25766.4,25743.35,0.12938040943954107,6,4,60.26,Strong
resistance,24720.25,2025-09-29 13:30:00,1785,1786,24705.3,24720.25,24701.35,24689.5,0.1243919458743338,6,3,60.25,Strong
resistance,17544.7,2023-04-05 13:30:00,69,70,17542.05,17544.7,17540.3,17525.7,0.10829481267847271,10,2,60.22,Strong
resistance,24850.75,2025-10-03 12:15:00,1858,1859,24850.75,24840.15,24840.4,24824.75,0.10462460891522388,8,2,60.21,Strong
resistance,19771.75,2023-10-16 14:00:00,565,566,19770.05,19771.75,19766.75,19754.2,0.08876300782681995,6,4,60.18,Strong
resistance,25910.25,2025-10-20 13:15:00,2147,2148,25910.25,25901.5,25898.4,25888.15,0.08529442981059057,6,3,60.17,Strong
resistance,24974.65,2024-10-11 14:00:00,1267,1268,24972.8,24974.65,24967.7,24953.35,0.08528648049122975,31,2,60.17,Strong
resistance,22295.2,2024-04-18 11:15:00,996,997,22295.2,22293.4,22283.0,22276.05,0.08589292762568379,6,4,60.17,Strong
resistance,22630.75,2024-04-08 10:15:00,836,837,22630.45,22630.75,22626.25,22614.75,0.07070026402129845,12,2,60.14,Strong
resistance,22979.1,2025-04-04 12:00:00,1545,1546,22979.1,22974.9,22971.35,22965.3,0.06005457132785563,6,5,60.12,Strong
resistance,19631.45,2023-10-10 11:30:00,451,452,19631.45,19629.35,19628.3,19621.8,0.04915581885190067,6,3,60.1,Strong
resistance,22634.05,2024-04-08 11:00:00,839,840,22634.05,22632.35,22629.3,22623.85,0.04506484698938426,10,2,60.09,Strong
resistance,25860.7,2025-10-20 12:15:00,2143,2144,25856.2,25860.7,25855.25,25849.0,0.04524239483076919,30,2,60.09,Strong
resistance,17612.9,2023-04-21 11:45:00,322,323,17609.95,17612.9,17607.25,17608.05,0.027536635079982184,6,3,60.06,Strong
resistance,19848.0,2023-10-17 13:00:00,587,588,19848.0,19844.6,19843.2,19841.6,0.03224506247481587,6,6,60.06,Strong
resistance,25638.65,2024-10-03 09:45:00,1094,1095,25638.65,25632.25,25616.75,25575.5,0.24630782041956753,5,3,55.49,Strong
resistance,23565.85,2025-03-28 10:00:00,1433,1434,23565.85,23563.8,23556.8,23524.15,0.17695096930514745,5,3,55.35,Strong
resistance,23532.6,2025-03-28 13:00:00,1445,1446,23532.6,23527.5,23527.2,23499.55,0.14044346990982412,5,5,55.28,Strong
resistance,17816.95,2023-04-13 10:00:00,185,186,17816.95,17801.6,17799.5,17792.4,0.13779013804270243,5,3,55.28,Strong
resistance,19583.8,2023-10-20 10:15:00,654,655,19583.8,19578.9,19570.6,19558.25,0.13046497615375605,5,4,55.26,Strong
resistance,19566.3,2023-10-20 13:30:00,667,668,19566.3,19555.2,19554.8,19542.95,0.11933784108389704,5,3,55.24,Strong
resistance,22328.85,2024-04-15 14:45:00,958,959,22328.85,22314.95,22312.05,22304.7,0.10815604027971802,5,3,55.22,Strong
resistance,25994.95,2024-09-30 10:30:00,1045,1046,25994.95,25991.95,25990.0,25970.05,0.09578783571425009,5,4,55.19,Strong
resistance,22308.35,2024-04-18 12:00:00,999,1000,22303.7,22308.35,22303.05,22292.15,0.07261854866001784,5,5,55.15,Strong
resistance,26087.05,2025-10-23 12:00:00,2194,2195,26084.5,26087.05,26082.55,26077.1,0.038141529992853654,5,3,55.08,Strong
resistance,25016.3,2025-10-06 11:15:00,1880,1881,25016.3,25015.45,25014.8,25011.5,0.019187489756675738,7,2,55.04,Strong
resistance,22859.7,2025-04-11 10:15:00,1642,1643,22859.7,22843.3,22832.7,22799.85,0.26181445950735216,6,2,50.52,Strong
resistance,25044.9,2025-09-25 11:30:00,1725,1726,25044.9,25032.7,25031.25,24989.75,0.22020451269520522,13,1,50.44,Strong
resistance,19593.65,2023-10-20 09:30:00,651,652,19585.95,19593.65,19576.7,19561.95,0.16178710959928716,4,3,50.32,Strong
resistance,17748.6,2023-04-11 10:15:00,134,135,17748.6,17745.3,17741.55,17722.8,0.14536357797234303,14,1,50.29,Strong
resistance,23186.8,2025-04-01 14:15:00,1476,1477,23186.8,23163.45,23161.55,23154.75,0.13822519709489567,6,2,50.28,Strong
resistance,23688.55,2025-03-26 10:15:00,1382,1383,23682.8,23688.55,23679.15,23662.8,0.10870230554423974,4,3,50.22,Strong
resistance,17600.55,2023-04-06 10:15:00,82,83,17600.55,17599.9,17588.5,17582.4,0.10312177744444247,42,1,50.21,Strong
resistance,19627.0,2023-10-10 10:45:00,448,449,19625.55,19627.0,19621.9,19610.75,0.08279411015437917,6,2,50.17,Strong
resistance,19575.25,2023-10-20 11:15:00,658,659,19569.15,19575.25,19567.25,19560.4,0.07586110011365652,4,4,50.15,Strong
resistance,19616.45,2023-10-06 10:00:00,393,394,19616.1,19616.45,19605.15,19603.45,0.066270910383887,17,1,50.13,Strong
resistance,17733.95,2023-04-11 15:15:00,154,155,17728.4,17733.95,17728.15,17722.25,0.06597514936041167,4,3,50.13,Strong
resistance,24792.95,2025-10-01 13:30:00,1837,1838,24788.15,24792.95,24787.1,24781.4,0.0465858237926478,6,2,50.09,Strong
resistance,22698.2,2024-04-12 12:00:00,921,922,22698.2,22697.15,22690.75,22687.95,0.045157765814029305,4,3,50.09,Strong
resistance,22744.75,2024-04-10 13:45:00,902,903,22744.1,22744.75,22742.9,22737.9,0.030116840149918313,6,2,50.06,Strong
resistance,23604.55,2025-03-28 12:15:00,1442,1443,23604.55,23598.15,23596.45,23529.3,0.3187944697102889,3,3,45.64,Moderate
resistance,25169.2,2025-10-14 12:00:00,2038,2039,25162.55,25169.2,25155.5,25118.35,0.20203264307169944,5,2,45.4,Moderate
resistance,17827.25,2023-04-13 09:30:00,183,184,17816.55,17827.25,17808.9,17798.8,0.15958714888724132,5,2,45.32,Moderate
resistance,17513.8,2023-04-05 10:45:00,58,59,17513.8,17506.1,17505.15,17487.7,0.14902534001757783,5,2,45.3,Moderate
resistance,22146.05,2024-04-16 14:45:00,984,985,22146.05,22138.4,22136.55,22123.25,0.10295289679197542,3,3,45.21,Moderate
resistance,17716.9,2023-04-17 15:15:00,232,233,17716.9,17715.2,17711.3,17704.1,0.07224740219791786,3,3,45.14,Moderate
resistance,17363.0,2023-04-03 12:30:00,39,40,17363.0,17358.5,17356.95,17352.7,0.059321545815811054,7,1,45.12,Moderate
resistance,19550.1,2023-10-20 14:00:00,669,670,19549.3,19550.1,19543.25,19541.05,0.04629132331803557,5,2,45.09,Moderate
resistance,19821.95,2023-10-18 09:45:00,600,601,19818.9,19821.95,19816.25,19813.65,0.04187277235589471,3,3,45.08,Moderate
resistance,25705.2,2025-10-17 13:30:00,2122,2123,25705.2,25684.2,25677.35,25663.2,0.16339106484291116,4,2,40.33,Moderate
resistance,24745.9,2025-09-29 14:15:00,1788,1789,24738.35,24745.9,24723.85,24718.3,0.11153362779289572,4,2,40.22,Moderate
resistance,24654.0,2025-09-30 14:45:00,1816,1817,24652.8,24654.0,24640.3,24632.5,0.08720694410643302,4,2,40.17,Moderate
resistance,22923.9,2025-04-11 12:15:00,1650,1651,22909.45,22923.9,22907.85,22906.05,0.07786633164514843,4,2,40.16,Moderate
resistance,17805.7,2023-04-13 10:30:00,187,188,17803.8,17805.7,17798.4,17792.45,0.07441437292552384,4,2,40.15,Moderate
resistance,19771.5,2023-10-16 14:30:00,567,568,19769.15,19771.5,19764.4,19757.65,0.07005032496269148,4,2,40.14,Moderate
resistance,26230.85,2024-09-27 14:00:00,1033,1034,26230.85,26225.4,26220.7,26186.8,0.1679320342268713,3,2,35.34,Moderate
resistance,25721.0,2025-10-17 14:15:00,2125,2126,25709.1,25721.0,25682.1,25679.5,0.16134675945725283,3,2,35.32,Moderate
resistance,17289.1,2023-03-31 09:45:00,2,3,17289.1,17282.15,17278.25,17261.55,0.15934895396521087,5,1,35.32,Moderate
resistance,22549.05,2024-04-12 15:00:00,933,934,22549.0,22549.05,22545.8,22515.85,0.14723458416208546,3,2,35.29,Moderate
resistance,19424.55,2023-10-04 11:15:00,346,347,19424.3,19424.55,19420.25,19402.0,0.11609020543590083,3,2,35.23,Moderate
resistance,25052.2,2025-10-08 12:15:00,1936,1937,25052.1,25052.2,25051.1,25025.8,0.10537996662968305,5,1,35.21,Moderate
resistance,22354.3,2024-04-15 13:30:00,953,954,22354.3,22351.55,22345.7,22333.85,0.09148128100634208,3,2,35.18,Moderate
resistance,19378.95,2023-10-04 12:15:00,350,351,19376.2,19378.95,19370.7,19361.4,0.09056218216156847,5,1,35.18,Moderate
resistance,19368.75,2023-10-04 12:45:00,352,353,19365.25,19368.75,19362.7,19353.45,0.07899322362051898,5,1,35.16,Moderate
resistance,24693.25,2025-10-01 09:45:00,1822,1823,24686.5,24693.25,24682.45,24673.8,0.07876646451965913,5,1,35.16,Moderate
resistance,23271.55,2025-04-03 14:30:00,1529,1530,23271.55,23263.4,23258.45,23254.35,0.07390998880607749,3,2,35.15,Moderate
resistance,22671.15,2025-04-08 13:00:00,1601,1602,22670.95,22671.15,22667.55,22666.4,0.02095173822236631,3,2,35.04,Moderate
resistance,22489.95,2025-04-08 11:15:00,1594,1595,22489.95,22455.2,22436.55,22363.05,0.5642520325745564,2,2,31.13,Moderate
resistance,22573.1,2025-04-08 09:30:00,1587,1588,22573.1,22550.0,22545.15,22479.3,0.4155388493383686,4,1,30.83,Moderate
resistance,23744.6,2025-03-25 14:15:00,1372,1373,23744.1,23744.6,23739.9,23702.0,0.17940921304211715,2,2,30.36,Moderate
resistance,22163.8,2024-04-18 14:00:00,1007,1008,22160.5,22163.8,22140.65,22137.85,0.11708281070935819,2,2,30.23,Moderate
resistance,22448.8,2025-04-09 12:45:00,1626,1627,22448.8,22442.55,22435.2,22425.3,0.10468265564306334,2,2,30.21,Moderate
resistance,26211.95,2024-09-27 14:45:00,1036,1037,26211.95,26202.15,26191.85,26187.4,0.09365957130239937,2,2,30.19,Moderate
resistance,24847.0,2025-10-03 13:15:00,1862,1863,24847.0,24844.7,24843.65,24824.85,0.08914557089387634,4,1,30.18,Moderate
resistance,22326.25,2024-04-18 12:30:00,1001,1002,22326.25,22318.2,22313.05,22309.8,0.07368008510162131,2,2,30.15,Moderate
resistance,23174.1,2025-04-01 14:45:00,1478,1479,23171.25,23174.1,23161.65,23161.3,0.055234075972742304,4,1,30.11,Moderate
resistance,25472.6,2025-10-16 11:00:00,2086,2087,25468.75,25472.6,25467.5,25462.25,0.040631894663279544,4,1,30.08,Moderate
resistance,22082.7,2025-04-07 10:45:00,1566,1567,22021.65,22082.7,22007.55,21983.65,0.4485411657089,3,1,25.9,Weak
resistance,25624.8,2025-10-16 15:00:00,2102,2103,25624.8,25624.65,25621.0,25568.55,0.2195139084012363,3,1,25.44,Weak
resistance,25240.25,2025-10-14 10:45:00,2033,2034,25224.1,25240.25,25219.05,25201.65,0.15293033943799506,3,1,25.31,Weak
resistance,17636.85,2023-04-21 14:30:00,333,334,17629.45,17636.85,17629.3,17615.85,0.11906888134785976,3,1,25.24,Weak
resistance,17498.7,2023-04-05 11:30:00,61,62,17498.7,17495.95,17495.35,17488.2,0.06000445747398377,3,1,25.12,Weak
resistance,25337.95,2025-10-15 14:30:00,2074,2075,25336.4,25337.95,25333.75,25330.5,0.029402536511441243,3,1,25.06,Weak
resistance,26127.75,2024-09-30 09:30:00,1041,1042,26127.75,26065.15,26065.2,26021.7,0.4058902890604789,2,1,20.81,Weak
resistance,22468.3,2025-04-09 09:45:00,1614,1615,22467.85,22468.3,22467.85,22387.85,0.3580600223425926,2,1,20.72,Weak
resistance,17368.75,2023-04-03 13:15:00,42,43,17368.75,17354.65,17348.25,17342.7,0.14998200791651253,4,0,20.3,Weak
resistance,26249.4,2024-09-27 12:30:00,1027,1028,26249.4,26240.2,26239.4,26214.0,0.13486022537658557,2,1,20.27,Weak
resistance,17593.15,2023-04-21 12:45:00,326,327,17593.15,17591.5,17587.5,17575.05,0.10288095082462312,4,0,20.21,Weak
resistance,17397.9,2023-04-03 14:45:00,48,49,17386.9,17397.9,17386.3,17382.7,0.08736686611602967,2,1,20.17,Weak
resistance,22436.55,2025-04-09 13:15:00,1628,1629,22436.55,22432.9,22432.1,22417.1,0.08668890716264635,2,1,20.17,Weak
resistance,25197.45,2025-10-14 14:45:00,2049,2050,25197.45,25192.9,25178.65,25177.5,0.07917467839007808,2,1,20.16,Weak
resistance,17614.15,2023-04-21 14:00:00,331,332,17614.15,17610.55,17604.0,17599.85,0.08118472932274852,2,1,20.16,Weak
resistance,17323.95,2023-03-31 12:45:00,14,15,17323.55,17323.95,17322.25,17311.5,0.07186582736616491,4,0,20.14,Weak
resistance,17793.5,2023-04-13 14:00:00,201,202,17784.4,17793.5,17782.7,17780.6,0.07249838424144465,2,1,20.14,Weak
resistance,19550.6,2023-10-20 14:45:00,672,673,19545.95,19550.6,19542.9,19538.05,0.06419240330219673,2,1,20.13,Weak
resistance,24904.75,2025-10-03 15:00:00,1869,1870,24891.2,24904.75,24890.35,24888.5,0.06524859715516117,2,1,20.13,Weak
resistance,25518.85,2025-10-16 12:45:00,2093,2094,25516.25,25518.85,25506.65,25503.85,0.05878007825587753,4,0,20.12,Weak
resistance,23334.9,2025-04-15 14:15:00,1684,1685,23332.95,23334.9,23326.05,23323.2,0.05013949063420339,4,0,20.1,Weak
resistance,22223.1,2024-04-18 10:00:00,991,992,22211.9,22223.1,22207.25,22178.15,0.20226701045307402,3,0,15.4,Weak
resistance,26103.8,2025-10-23 12:45:00,2197,2198,26097.3,26103.8,26088.15,26057.4,0.1777518981910596,1,1,15.36,Weak
resistance,25414.3,2024-10-03 12:45:00,1106,1107,25414.3,25396.65,25396.95,25374.85,0.1552275687309929,3,0,15.31,Weak
resistance,19698.6,2023-10-18 15:00:00,621,622,19695.25,19698.6,19684.2,19672.05,0.13478115196003407,1,1,15.27,Weak
resistance,23671.9,2025-03-26 11:30:00,1387,1388,23664.9,23671.9,23662.45,23641.35,0.12905596931384009,1,1,15.26,Weak
resistance,25751.7,2025-10-17 14:45:00,2127,2128,25742.0,25751.7,25731.1,25725.1,0.10329415145408723,1,1,15.21,Weak
resistance,25780.95,2025-10-17 12:30:00,2118,2119,25780.95,25778.55,25776.75,25756.4,0.09522535050104543,1,1,15.19,Weak
resistance,19368.95,2023-10-04 13:15:00,354,355,19358.85,19368.95,19357.0,19350.8,0.09370668002138192,3,0,15.19,Weak
resistance,23612.05,2025-03-28 14:45:00,1452,1453,23597.1,23612.05,23594.5,23591.5,0.0870318333223895,1,1,15.17,Weak
resistance,26277.15,2024-09-27 10:45:00,1020,1021,26277.15,26272.95,26266.45,26257.45,0.07497007856636174,1,1,15.15,Weak
resistance,17683.75,2023-04-20 09:30:00,287,288,17678.5,17683.75,17671.8,17672.5,0.06361772814024175,1,1,15.13,Weak
resistance,25364.35,2025-10-15 13:30:00,2070,2071,25361.75,25364.35,25349.0,25350.25,0.05558983376273606,1,1,15.11,Weak
resistance,19652.55,2023-10-19 14:45:00,646,647,19652.55,19647.2,19644.15,19641.3,0.05724447972400528,1,1,15.11,Weak
resistance,19840.2,2023-10-18 10:15:00,602,603,19840.2,19836.9,19832.7,19830.55,0.04863862259453763,1,1,15.1,Weak
resistance,22751.9,2024-04-10 14:45:00,906,907,22751.6,22751.9,22743.65,22742.6,0.04087570708381678,1,1,15.08,Weak
resistance,22409.15,2025-04-09 14:30:00,1633,1634,22409.15,22406.65,22403.25,22403.7,0.02432042268448704,3,0,15.05,Weak
resistance,22069.5,2025-04-07 11:30:00,1569,1570,22009.4,22069.5,22009.1,22002.05,0.3056254106345895,2,0,10.61,Weak
resistance,25267.3,2025-10-15 09:30:00,2054,2055,25257.2,25267.3,25252.65,25224.7,0.16859735705832657,2,0,10.34,Weak
resistance,24694.85,2025-10-01 10:30:00,1825,1826,24671.4,24694.85,24663.45,24662.75,0.12998661664273542,2,0,10.26,Weak
resistance,17473.15,2023-04-05 09:30:00,53,54,17466.3,17473.15,17465.95,17457.95,0.08699061130935593,2,0,10.17,Weak
resistance,24978.45,2025-10-06 10:15:00,1876,1877,24972.2,24978.45,24968.9,24966.3,0.04864192934309958,2,0,10.1,Weak
resistance,22188.4,2025-04-07 09:30:00,1561,1562,22097.5,22188.4,22041.85,22021.7,0.7512934686593027,1,0,6.5,Weak
resistance,22696.65,2025-04-08 13:30:00,1603,1604,22688.8,22696.65,22687.3,22588.1,0.47826441347072324,1,0,5.96,Weak
resistance,23735.9,2025-03-26 09:30:00,1379,1380,23735.9,23714.6,23699.95,23646.2,0.3779085688766835,1,0,5.76,Weak
resistance,22080.85,2025-04-07 14:30:00,1581,1582,22036.55,22080.85,22020.55,22000.2,0.3652486204108892,1,0,5.73,Weak
resistance,22270.65,2024-04-18 09:30:00,989,990,22270.65,22267.75,22267.05,22200.45,0.31521307191303677,1,0,5.63,Weak
resistance,22775.7,2024-04-10 15:15:00,908,909,22775.7,22755.65,22752.65,22732.85,0.18813911317765067,1,0,5.38,Weak
resistance,24841.7,2025-10-03 14:00:00,1865,1866,24841.7,24840.45,24829.85,24809.05,0.1314322288732311,1,0,5.26,Weak
resistance,25908.1,2025-10-21 14:15:00,2177,2178,25900.85,25908.1,25896.9,25874.75,0.1287242213824964,1,0,5.26,Weak
resistance,22991.6,2025-04-04 12:30:00,1547,1548,22991.6,22979.5,22972.2,22964.45,0.11808660554288444,1,0,5.24,Weak
resistance,19725.4,2023-10-18 14:15:00,618,619,19725.4,19719.75,19719.45,19703.55,0.11077088424063482,1,0,5.22,Weak
resistance,23029.9,2025-04-04 11:15:00,1542,1543,23029.9,23014.6,23013.05,23004.8,0.10898874940838726,1,0,5.22,Weak
resistance,19427.8,2023-10-04 14:45:00,360,361,19418.0,19427.8,19418.0,19408.15,0.10114372188306354,1,0,5.2,Weak
resistance,25107.7,2025-10-14 13:00:00,2042,2043,25104.45,25107.7,25098.1,25084.05,0.09419421133756359,1,0,5.19,Weak
resistance,19751.05,2023-10-18 11:30:00,607,608,19745.7,19751.05,19738.8,19733.05,0.09113439538657439,1,0,5.18,Weak
resistance,22353.9,2024-04-15 14:00:00,955,956,22353.9,22353.8,22344.25,22334.15,0.08835147334469601,1,0,5.18,Weak
resistance,17810.95,2023-04-13 14:30:00,203,204,17805.2,17810.95,17801.7,17795.55,0.08646366420657772,1,0,5.17,Weak
resistance,17257.9,2023-03-31 11:00:00,7,8,17253.4,17257.9,17249.4,17245.5,0.07185115222594553,1,0,5.14,Weak
resistance,17410.25,2023-04-03 15:15:00,50,51,17404.55,17410.25,17404.1,17399.7,0.06059648770120632,1,0,5.12,Weak
resistance,17515.55,2023-04-05 12:15:00,64,65,17515.55,17514.65,17509.85,17507.7,0.04481731946755052,1,0,5.09,Weak
resistance,25013.45,2025-10-06 12:15:00,1884,1885,25008.45,25013.45,25008.05,25006.0,0.029783976220796125,1,0,5.06,Weak
resistance,26152.95,2025-10-21 13:45:00,2175,2176,26152.95,25932.5,25901.2,25893.65,0.9914751490749582,0,0,1.98,Weak
resistance,22664.9,2025-04-08 14:30:00,1607,1608,22664.9,22657.35,22654.05,22569.15,0.42245939757069295,0,0,0.84,Weak
resistance,23869.15,2025-03-25 10:00:00,1355,1356,23869.15,23865.9,23863.6,23770.4,0.41371393618960034,0,0,0.83,Weak
resistance,22726.15,2024-04-12 09:30:00,911,912,22717.75,22726.15,22715.95,22640.55,0.3766586069351922,0,0,0.75,Weak
resistance,21943.25,2025-04-07 12:45:00,1574,1575,21898.9,21943.25,21896.1,21865.25,0.35546238592733526,0,0,0.71,Weak
resistance,22602.75,2025-04-08 15:00:00,1609,1610,22602.75,22578.55,22577.8,22528.4,0.32894227472320203,0,0,0.66,Weak
resistance,23649.15,2025-03-28 11:00:00,1437,1438,23649.15,23631.35,23623.95,23581.3,0.2869024890958118,0,0,0.57,Weak
resistance,23826.35,2025-03-25 10:30:00,1357,1358,23826.35,23813.75,23813.0,23761.1,0.27385646563573524,0,0,0.55,Weak
resistance,22966.75,2025-04-04 13:30:00,1551,1552,22966.75,22957.7,22953.2,22903.05,0.2773574841891026,0,0,0.55,Weak
resistance,17662.5,2023-04-21 09:30:00,313,314,17661.75,17662.5,17660.75,17621.3,0.2332625619249864,0,0,0.47,Weak
resistance,23705.75,2025-03-26 11:00:00,1385,1386,23705.75,23682.0,23681.0,23653.0,0.2225198527783344,0,0,0.45,Weak
resistance,23563.2,2025-04-01 09:45:00,1458,1459,23563.2,23553.3,23545.1,23514.85,0.20519284307735022,0,0,0.41,Weak
resistance,19681.75,2023-10-19 14:15:00,644,645,19681.75,19660.6,19657.65,19641.35,0.2052662999987372,0,0,0.41,Weak
resistance,22879.55,2025-04-11 13:45:00,1656,1657,22879.55,22875.9,22875.1,22834.75,0.19580804692399664,0,0,0.39,Weak
resistance,22916.1,2025-04-11 13:15:00,1654,1655,22916.1,22908.45,22904.5,22874.2,0.18284088479277807,0,0,0.37,Weak
resistance,25996.85,2025-10-23 14:45:00,2205,2206,25992.45,25996.85,25980.95,25951.1,0.17598285946181944,0,0,0.35,Weak
resistance,26079.3,2025-10-23 13:15:00,2199,2200,26067.65,26079.3,26059.6,26047.7,0.12116889640442245,0,0,0.24,Weak
resistance,26206.8,2024-09-27 15:15:00,1038,1039,26206.8,26197.0,26195.15,26175.0,0.12134255231466365,0,0,0.24,Weak
resistance,17709.85,2023-04-18 13:00:00,249,250,17706.25,17709.85,17705.95,17690.1,0.1115198604166608,0,0,0.22,Weak
resistance,17637.55,2023-04-21 15:15:00,336,337,17637.55,17631.55,17632.5,17618.9,0.10574030973688418,0,0,0.21,Weak
resistance,25623.6,2025-10-17 09:45:00,2107,2108,25623.6,25620.85,25618.9,25603.2,0.07961410574625664,0,0,0.16,Weak
resistance,23259.5,2025-04-03 15:15:00,1532,1533,23259.5,23255.75,23253.05,23241.6,0.0769578021883594,0,0,0.15,Weak
resistance,17841.5,2023-04-13 15:15:00,206,207,17837.4,17841.5,17836.55,17828.15,0.07482554717932094,0,0,0.15,Weak
resistance,19555.05,2023-10-20 15:15:00,674,675,19555.05,19546.5,19546.4,19541.75,0.06801312193013709,0,0,0.14,Weak
resistance,17537.55,2023-04-06 09:45:00,80,81,17537.55,17535.7,17533.2,17527.85,0.055309892202734856,0,0,0.11,Weak
resistance,25336.65,2025-10-15 15:15:00,2077,2078,25330.0,25336.65,25327.95,25327.75,0.035126980086165514,0,0,0.07,Weak
