type,price,datetime,prev_candle_idx,curr_candle_idx,prev_low,curr_low,prev_close,curr_close,retracement_pct,num_hits,num_reversals,strength_score,strength
support,24799.0,2024-10-07 11:15:00,1152,1153,24799.0,24887.6,24889.7,24975.2,0.7105125206661589,36,4,71.42,Very Strong
support,23665.65,2025-03-25 09:30:00,1353,1354,23665.65,23720.9,23723.5,23788.1,0.5174165932480075,17,3,71.03,Very Strong
support,22307.45,2024-04-04 11:00:00,787,788,22307.45,22338.25,22362.95,22417.45,0.49310880445770355,11,3,70.99,Very Strong
support,24757.4,2024-10-08 09:45:00,1172,1173,24757.4,24802.4,24802.35,24856.4,0.39988043978769977,37,5,70.8,Very Strong
support,24718.85,2024-10-07 14:30:00,1165,1166,24718.85,24722.0,24721.9,24816.65,0.39564947398444067,15,4,70.79,Very Strong
support,19513.35,2023-10-19 09:45:00,626,627,19513.35,19536.85,19542.6,19588.7,0.3861458949898515,10,4,70.77,Very Strong
support,21962.0,2024-04-18 15:15:00,1012,1013,21962.5,21962.0,21965.65,22045.75,0.3813404972224752,9,4,70.76,Very Strong
support,25094.85,2024-10-04 09:30:00,1119,1120,25118.35,25094.85,25130.5,25189.55,0.37736826480333907,75,3,70.75,Very Strong
support,24885.95,2024-10-08 13:00:00,1185,1186,24885.95,24898.25,24910.75,24975.15,0.3584351812970802,8,5,70.72,Very Strong
support,22263.75,2024-04-15 09:45:00,938,939,22263.75,22279.0,22280.7,22343.85,0.3597776654876135,9,6,70.72,Very Strong
support,24694.85,2024-10-07 13:45:00,1162,1163,24694.85,24699.3,24730.55,24782.4,0.35452736096798687,12,4,70.71,Very Strong
support,22264.65,2024-03-28 15:15:00,700,701,22264.95,22264.65,22268.9,22343.1,0.35235227142576725,11,7,70.7,Very Strong
support,22278.5,2024-03-28 10:30:00,681,682,22281.85,22278.5,22285.35,22355.5,0.34562470543348967,18,7,70.69,Very Strong
support,23628.35,2025-03-25 11:45:00,1362,1363,23631.9,23628.35,23642.55,23710.05,0.3457710758474491,9,4,70.69,Very Strong
support,24925.1,2024-10-08 15:00:00,1193,1194,24925.1,24967.15,24966.8,25010.95,0.34443191802641593,29,6,70.69,Very Strong
support,24668.25,2025-09-29 09:30:00,1769,1770,24668.25,24704.2,24712.1,24750.8,0.3346406818481217,19,3,70.67,Very Strong
support,24996.95,2024-10-10 09:45:00,1224,1225,25012.0,24996.95,25013.75,25080.65,0.3348408505837741,49,4,70.67,Very Strong
support,24996.6,2024-10-16 09:30:00,1327,1328,24996.6,25016.4,25016.75,25078.75,0.32864469567861815,26,3,70.66,Very Strong
support,25014.4,2024-10-15 10:30:00,1305,1306,25029.4,25014.4,25033.2,25089.25,0.29922764487654524,50,8,70.6,Very Strong
support,22415.9,2024-04-02 09:30:00,729,730,22415.9,22441.4,22444.35,22480.5,0.288188294915656,43,5,70.58,Very Strong
support,23644.3,2025-03-25 13:30:00,1369,1370,23644.3,23665.85,23667.5,23711.6,0.28463519748945526,10,4,70.57,Very Strong
support,24947.9,2024-10-09 15:15:00,1220,1221,24947.9,24971.0,24971.15,25019.55,0.2871985217192542,48,6,70.57,Very Strong
support,24614.15,2025-09-29 15:15:00,1792,1793,24614.15,24619.45,24639.65,24677.55,0.2575754190171012,20,4,70.52,Very Strong
support,23614.75,2025-03-26 09:45:00,1380,1381,23641.4,23614.75,23646.2,23674.9,0.2547136853026242,12,3,70.51,Very Strong
support,22370.05,2025-04-08 10:15:00,1590,1591,22378.5,22370.05,22383.95,22424.35,0.24273526433780554,12,5,70.49,Very Strong
support,17651.15,2023-04-18 10:30:00,239,240,17651.15,17661.7,17669.3,17693.45,0.23964444243009247,18,6,70.48,Very Strong
support,22486.7,2024-04-04 15:15:00,804,805,22486.7,22506.65,22507.25,22541.2,0.24236548715462916,25,5,70.48,Very Strong
support,19593.2,2023-10-06 10:30:00,395,396,19593.2,19596.8,19599.65,19640.45,0.24115509462466567,13,8,70.48,Very Strong
support,22675.45,2024-04-09 09:30:00,859,860,22675.45,22702.45,22705.35,22730.0,0.2405685443949261,25,5,70.48,Very Strong
support,22466.7,2024-04-01 09:45:00,704,705,22466.7,22475.9,22482.6,22520.05,0.23746255569353109,57,5,70.47,Very Strong
support,24759.25,2025-09-26 09:45:00,1744,1745,24759.25,24776.3,24781.9,24817.2,0.2340539394367791,35,5,70.47,Very Strong
support,24880.9,2024-10-08 11:00:00,1177,1178,24880.9,24887.5,24894.65,24937.9,0.22909139138857518,11,6,70.46,Very Strong
support,23285.25,2025-04-02 15:00:00,1505,1506,23285.25,23307.4,23307.45,23337.75,0.2254646181595645,18,4,70.45,Very Strong
support,24939.95,2024-10-08 13:30:00,1187,1188,24939.95,24965.15,24966.75,24994.6,0.2191263414722075,46,5,70.44,Very Strong
support,17643.95,2023-04-17 12:15:00,220,221,17643.95,17654.65,17657.2,17682.6,0.21905525690107835,27,7,70.44,Very Strong
support,23505.45,2025-03-28 09:45:00,1432,1433,23505.45,23509.7,23520.9,23556.8,0.2184599741761955,9,4,70.44,Very Strong
support,26040.3,2025-10-23 10:00:00,2186,2187,26040.3,26058.4,26058.9,26095.9,0.2135152052779814,10,4,70.43,Very Strong
support,24966.85,2024-10-04 15:00:00,1141,1142,24985.0,24966.85,24994.2,25020.95,0.21668732739613603,59,7,70.43,Very Strong
support,23238.95,2025-04-02 13:00:00,1497,1498,23238.95,23247.25,23247.9,23287.65,0.2095619638580948,17,4,70.42,Very Strong
support,24962.05,2024-10-16 14:00:00,1345,1346,24962.05,24968.6,24969.1,25014.1,0.20851652808963717,23,3,70.42,Very Strong
support,17591.35,2023-04-19 15:00:00,283,284,17591.35,17593.65,17596.1,17628.6,0.211751798469134,33,4,70.42,Very Strong
support,22373.05,2024-04-04 10:15:00,784,785,22376.1,22373.05,22376.1,22419.9,0.20940372457041925,30,6,70.42,Very Strong
support,24767.45,2024-10-07 15:15:00,1168,1169,24767.45,24775.2,24778.15,24819.0,0.2081360818332096,38,4,70.42,Very Strong
support,17574.35,2023-04-17 10:00:00,211,212,17581.8,17574.35,17583.25,17610.3,0.2045594858415858,17,6,70.41,Very Strong
support,17676.15,2023-04-17 15:00:00,231,232,17676.15,17685.5,17685.9,17711.3,0.1988555200085868,15,5,70.4,Very Strong
support,24990.95,2024-10-10 11:45:00,1232,1233,24990.95,25004.0,25004.95,25041.05,0.20047257107072175,44,5,70.4,Very Strong
support,17669.0,2023-04-11 09:30:00,131,132,17669.0,17697.55,17697.45,17704.0,0.19808704510724998,37,6,70.4,Very Strong
support,22389.15,2024-04-02 11:00:00,735,736,22400.5,22389.15,22400.75,22432.4,0.19317392576314865,40,5,70.39,Very Strong
support,17325.8,2023-04-03 09:30:00,27,28,17337.45,17325.8,17344.45,17358.4,0.18815869974259306,12,6,70.38,Very Strong
support,23559.8,2025-03-27 11:00:00,1411,1412,23559.8,23576.2,23576.3,23602.9,0.1829387346242421,18,4,70.37,Very Strong
support,23277.05,2025-04-01 10:30:00,1461,1462,23297.7,23277.05,23307.2,23319.95,0.1843017048981785,32,4,70.37,Very Strong
support,23653.65,2025-03-25 12:30:00,1365,1366,23653.65,23665.55,23680.9,23696.9,0.18284704474785074,14,4,70.37,Very Strong
support,25278.9,2024-10-04 11:30:00,1127,1128,25292.85,25278.9,25306.45,25326.05,0.1865191918952083,34,5,70.37,Very Strong
support,22429.0,2024-04-05 09:30:00,807,808,22429.0,22441.95,22469.5,22470.85,0.1865887912969751,8,5,70.37,Very Strong
support,23251.0,2025-04-02 10:45:00,1488,1489,23251.0,23264.3,23264.6,23292.7,0.17934712485484808,30,5,70.36,Very Strong
support,24880.55,2024-10-07 12:00:00,1155,1156,24889.95,24880.55,24903.95,24925.85,0.18206993012613978,16,5,70.36,Very Strong
support,19778.3,2023-10-12 10:30:00,499,500,19786.05,19778.3,19788.7,19813.85,0.179742445002853,20,3,70.36,Very Strong
support,19694.75,2023-10-16 09:45:00,548,549,19694.75,19710.55,19715.3,19730.05,0.17923558308685955,12,5,70.36,Very Strong
support,25816.35,2025-10-20 10:30:00,2136,2137,25826.5,25816.35,25832.9,25862.75,0.17973106190457389,15,7,70.36,Very Strong
support,25796.95,2024-09-30 14:45:00,1062,1063,25797.35,25796.95,25803.35,25842.95,0.17831565359470788,25,4,70.36,Very Strong
support,22679.45,2024-04-10 09:30:00,885,886,22679.45,22702.3,22715.9,22720.75,0.1821031815145397,19,7,70.36,Very Strong
support,17598.25,2023-04-10 14:30:00,125,126,17598.25,17601.45,17611.45,17628.8,0.17359680650064224,50,7,70.35,Very Strong
support,17608.85,2023-04-10 11:00:00,111,112,17608.85,17621.55,17623.35,17640.0,0.17689968396574143,55,5,70.35,Very Strong
support,24594.3,2025-09-30 10:45:00,1800,1801,24594.3,24607.85,24620.95,24637.25,0.1746339599012809,8,4,70.35,Very Strong
support,24948.2,2024-10-11 09:45:00,1250,1251,24948.2,24971.9,24975.8,24991.95,0.17536335286714072,45,7,70.35,Very Strong
support,25233.15,2024-10-03 14:00:00,1111,1112,25233.15,25235.8,25264.2,25276.55,0.17199596562457647,20,6,70.34,Very Strong
support,17580.8,2023-04-06 11:30:00,87,88,17580.8,17599.1,17607.15,17610.25,0.16751228613032812,43,8,70.34,Very Strong
support,22613.15,2024-04-09 14:15:00,878,879,22616.8,22613.15,22617.5,22651.2,0.16826492549688685,11,6,70.34,Very Strong
support,22545.65,2024-04-12 13:15:00,926,927,22545.65,22562.65,22568.05,22583.8,0.1692122427164345,9,5,70.34,Very Strong
support,25743.75,2024-10-01 10:45:00,1072,1073,25743.75,25744.0,25759.35,25786.9,0.16761349842195272,15,9,70.34,Very Strong
support,25062.3,2024-10-09 13:30:00,1213,1214,25062.3,25073.35,25074.85,25104.1,0.16678437334162977,70,3,70.33,Very Strong
support,25050.55,2025-09-24 09:45:00,1692,1693,25050.55,25051.45,25060.5,25091.95,0.16526583248671767,44,7,70.33,Very Strong
support,23585.55,2025-03-26 12:30:00,1391,1392,23585.55,23597.6,23599.3,23624.2,0.163871523029997,27,4,70.33,Very Strong
support,22493.3,2024-04-04 14:00:00,799,800,22493.3,22515.85,22516.85,22530.3,0.16449342693157518,29,5,70.33,Very Strong
support,17580.0,2023-04-19 14:15:00,280,281,17580.0,17588.45,17595.55,17608.95,0.16467576791809288,24,5,70.33,Very Strong
support,19743.6,2023-10-13 14:00:00,539,540,19743.6,19751.5,19749.95,19776.6,0.167142770315444,26,5,70.33,Very Strong
support,19782.05,2023-10-11 13:00:00,483,484,19782.05,19786.25,19786.4,19814.85,0.16580688048002748,30,6,70.33,Very Strong
support,24673.25,2025-09-29 13:45:00,1786,1787,24673.25,24683.65,24689.5,24713.05,0.1613082994741239,10,3,70.32,Very Strong
support,23173.4,2025-04-01 12:00:00,1467,1468,23183.6,23173.4,23197.25,23209.9,0.1575081774793513,13,5,70.32,Very Strong
support,22634.15,2024-04-08 13:30:00,849,850,22634.15,22638.15,22639.8,22670.3,0.15971441383925536,22,5,70.32,Very Strong
support,25031.4,2024-10-10 10:45:00,1228,1229,25043.2,25031.4,25058.4,25072.0,0.16219628147046727,81,3,70.32,Very Strong
support,19544.55,2023-10-09 10:45:00,422,423,19544.55,19550.9,19556.95,19575.5,0.15835616578535056,38,3,70.32,Very Strong
support,22459.1,2024-04-03 14:00:00,773,774,22472.45,22459.1,22474.15,22494.95,0.15962349337240667,19,4,70.32,Very Strong
support,24634.8,2025-09-26 15:15:00,1766,1767,24634.8,24643.6,24644.5,24673.1,0.15547112215239933,31,6,70.31,Very Strong
support,22156.7,2024-04-16 10:15:00,966,967,22188.0,22156.7,22191.4,22190.8,0.15390378531098287,10,6,70.31,Very Strong
support,19713.05,2023-10-13 13:00:00,535,536,19713.05,19720.15,19719.9,19743.95,0.1567489556410675,16,10,70.31,Very Strong
support,25257.75,2025-10-10 10:45:00,1982,1983,25257.75,25258.35,25258.7,25297.0,0.1553978481852105,16,5,70.31,Very Strong
support,17654.15,2023-04-17 13:30:00,225,226,17654.15,17658.6,17667.9,17680.9,0.15152244656355587,23,5,70.3,Very Strong
support,23136.4,2025-04-01 13:30:00,1473,1474,23148.65,23136.4,23154.55,23171.1,0.1499801179094288,8,6,70.3,Very Strong
support,22875.15,2025-04-04 14:00:00,1553,1554,22875.15,22881.2,22893.6,22909.6,0.15060010535448767,13,4,70.3,Very Strong
support,25079.2,2025-10-08 13:30:00,1941,1942,25079.2,25087.7,25092.65,25117.3,0.15191872149031288,16,5,70.3,Very Strong
support,23247.5,2025-04-02 12:00:00,1493,1494,23255.0,23247.5,23255.25,23281.45,0.1460372083019711,23,4,70.29,Very Strong
support,22554.85,2024-04-12 12:45:00,924,925,22554.85,22563.2,22580.05,22588.0,0.1469750408448802,8,5,70.29,Very Strong
support,19681.25,2023-10-13 12:15:00,532,533,19681.25,19682.9,19683.2,19709.7,0.14455382661162644,15,5,70.29,Very Strong
support,23248.9,2025-04-03 11:30:00,1517,1518,23248.9,23265.3,23272.1,23283.05,0.14688867000158207,14,3,70.29,Very Strong
support,25027.95,2025-09-24 11:15:00,1698,1699,25027.95,25051.6,25053.75,25064.05,0.1442387410874584,38,5,70.29,Very Strong
support,19534.95,2023-10-05 14:30:00,385,386,19540.25,19534.95,19546.95,19563.0,0.14358879853800122,40,5,70.29,Very Strong
support,25279.55,2025-10-10 13:30:00,1993,1994,25279.55,25303.15,25303.9,25316.25,0.1451766348688989,19,3,70.29,Very Strong
support,17655.3,2023-04-11 12:30:00,143,144,17655.3,17664.65,17665.25,17679.6,0.13763572411683334,36,5,70.28,Very Strong
support,24606.2,2025-09-29 12:45:00,1782,1783,24610.35,24606.2,24613.5,24640.05,0.13756695466995533,18,6,70.28,Very Strong
support,17610.75,2023-04-18 13:45:00,252,253,17617.7,17610.75,17619.1,17635.25,0.1391195718524197,44,6,70.28,Very Strong
support,23254.75,2025-04-02 13:45:00,1500,1501,23273.85,23254.75,23274.6,23287.65,0.14147647254862536,22,5,70.28,Very Strong
support,17597.0,2023-04-20 11:15:00,294,295,17597.0,17611.35,17610.95,17621.5,0.1392282775473092,28,5,70.28,Very Strong
support,17590.35,2023-04-20 10:45:00,292,293,17590.35,17592.1,17593.3,17614.6,0.13785967874431151,28,6,70.28,Very Strong
support,24896.25,2024-10-08 12:15:00,1182,1183,24896.25,24915.8,24930.3,24930.75,0.13857508660942913,13,4,70.28,Very Strong
support,22619.4,2024-04-09 14:45:00,880,881,22619.4,22633.35,22633.65,22651.4,0.14147148023378162,11,6,70.28,Very Strong
support,24820.3,2025-10-01 15:15:00,1844,1845,24820.3,24821.2,24822.5,24853.4,0.13335858148371368,14,6,70.27,Very Strong
support,23580.15,2025-03-27 11:30:00,1413,1414,23580.15,23580.15,23580.15,23611.5,0.13295080820095947,23,5,70.27,Very Strong
support,25824.95,2024-09-30 13:30:00,1057,1058,25841.3,25824.95,25842.05,25859.3,0.1330109061198513,45,3,70.27,Very Strong
support,23572.2,2025-03-26 12:00:00,1389,1390,23589.05,23572.2,23589.15,23603.75,0.13384410449597098,27,4,70.27,Very Strong
support,19635.15,2023-10-19 12:00:00,635,636,19635.15,19637.45,19637.25,19661.3,0.13317952753097287,12,5,70.27,Very Strong
support,22427.85,2024-04-01 13:15:00,718,719,22427.85,22445.65,22445.75,22457.95,0.13420813854204566,47,5,70.27,Very Strong
support,17344.15,2023-03-31 14:45:00,22,23,17344.15,17351.65,17357.75,17366.6,0.12943845619414668,19,5,70.26,Very Strong
support,24629.65,2025-09-26 14:30:00,1763,1764,24629.65,24635.8,24645.75,24661.1,0.12769162371368284,33,7,70.26,Very Strong
support,23501.15,2025-03-26 13:45:00,1396,1397,23514.8,23501.15,23516.85,23532.0,0.1312701718851994,15,6,70.26,Very Strong
support,19375.7,2023-10-04 09:45:00,340,341,19375.7,19392.5,19394.2,19400.65,0.12876954122948192,9,5,70.26,Very Strong
support,25173.0,2025-10-13 10:15:00,2006,2007,25173.0,25175.7,25199.25,25206.3,0.13228459063281797,21,5,70.26,Very Strong
support,25120.5,2025-10-09 14:30:00,1971,1972,25120.5,25128.45,25137.55,25153.55,0.13156585259051082,12,5,70.26,Very Strong
support,25287.0,2025-10-15 11:15:00,2061,2062,25287.0,25288.8,25292.6,25319.25,0.12753588800569463,9,6,70.26,Very Strong
support,25098.2,2025-10-07 11:45:00,1908,1909,25098.2,25109.0,25121.7,25130.65,0.129292140472228,28,5,70.26,Very Strong
support,22669.1,2024-04-09 12:45:00,872,873,22669.1,22686.8,22687.55,22698.1,0.12792744308331605,21,7,70.26,Very Strong
support,22419.1,2024-04-03 11:00:00,761,762,22419.1,22440.1,22444.65,22447.7,0.12756979539768407,19,5,70.26,Very Strong
support,17659.4,2023-04-18 12:00:00,245,246,17659.4,17668.45,17670.2,17682.15,0.1288265739492848,11,4,70.26,Very Strong
support,17606.2,2023-04-10 10:30:00,109,110,17606.2,17609.2,17609.3,17629.2,0.1306357987527121,60,4,70.26,Very Strong
support,25032.45,2025-10-06 14:30:00,1893,1894,25035.0,25032.45,25035.0,25064.95,0.12983147874059472,18,6,70.26,Very Strong
support,17615.8,2023-04-19 10:15:00,264,265,17615.8,17627.75,17628.95,17637.8,0.12488788473983585,30,6,70.25,Very Strong
support,24739.95,2025-09-26 11:45:00,1752,1753,24742.3,24739.95,24751.25,24771.2,0.12631391736846678,23,5,70.25,Very Strong
support,22355.9,2024-04-15 11:45:00,946,947,22368.95,22355.9,22372.6,22383.55,0.12368099696276069,14,3,70.25,Very Strong
support,19519.7,2023-10-05 13:15:00,380,381,19519.7,19523.0,19529.35,19543.8,0.12346501226964833,33,5,70.25,Very Strong
support,17626.95,2023-04-18 14:45:00,256,257,17626.95,17637.85,17642.1,17649.2,0.12622716919262833,30,6,70.25,Very Strong
support,19560.8,2023-10-19 10:15:00,628,629,19567.15,19560.8,19575.4,19584.95,0.12346120813055425,13,5,70.25,Very Strong
support,23572.1,2025-03-27 15:15:00,1428,1429,23572.1,23576.45,23589.25,23601.05,0.12281468346053483,8,3,70.25,Very Strong
support,23273.0,2025-04-02 14:15:00,1502,1503,23273.0,23276.6,23278.3,23301.6,0.12288918489235828,21,4,70.25,Very Strong
support,23221.35,2025-04-01 11:15:00,1464,1465,23221.35,23224.25,23228.95,23250.85,0.12703826435586218,14,6,70.25,Very Strong
support,25176.65,2025-10-13 14:00:00,2021,2022,25176.65,25183.85,25185.65,25207.5,0.12253417352983238,8,3,70.25,Very Strong
support,25008.85,2024-10-15 13:15:00,1316,1317,25008.85,25022.6,25025.35,25039.15,0.1211571103829361,40,6,70.24,Very Strong
support,25022.15,2024-10-15 15:00:00,1323,1324,25026.85,25022.15,25030.3,25052.65,0.12189200368473531,45,3,70.24,Very Strong
support,22405.6,2025-04-09 12:00:00,1623,1624,22411.75,22405.6,22414.85,22432.15,0.11849716142394273,13,5,70.24,Very Strong
support,17754.3,2023-04-12 12:15:00,168,169,17754.3,17760.8,17761.75,17775.55,0.11968931470122732,17,7,70.24,Very Strong
support,22479.8,2024-04-05 10:45:00,812,813,22479.8,22486.8,22491.75,22506.4,0.11832845487950153,20,5,70.24,Very Strong
support,25005.75,2024-10-10 13:00:00,1237,1238,25005.75,25007.1,25008.9,25035.4,0.11857272827250315,53,5,70.24,Very Strong
support,19690.5,2023-10-10 14:15:00,462,463,19690.5,19695.45,19696.05,19714.6,0.12239404789110761,31,6,70.24,Very Strong
support,22680.35,2024-04-10 10:00:00,887,888,22683.3,22680.35,22700.55,22707.3,0.11882532676965184,17,6,70.24,Very Strong
support,24811.5,2025-10-03 12:00:00,1857,1858,24811.5,24817.9,24819.5,24840.4,0.11647824597465471,10,7,70.23,Very Strong
support,25115.55,2025-10-14 11:30:00,2036,2037,25115.55,25122.5,25141.55,25144.85,0.11666079381100264,9,4,70.23,Very Strong
support,17626.8,2023-04-10 11:30:00,113,114,17626.8,17631.55,17635.0,17647.2,0.11573286132480914,48,5,70.23,Very Strong
support,22453.3,2024-04-01 11:00:00,709,710,22467.45,22453.3,22477.05,22479.45,0.11646394961988418,47,6,70.23,Very Strong
support,25248.75,2025-10-10 10:15:00,1980,1981,25248.75,25262.2,25262.45,25276.2,0.10871825337888304,10,5,70.22,Very Strong
support,19773.65,2023-10-12 10:00:00,497,498,19778.25,19773.65,19779.9,19794.95,0.1077191110391823,25,3,70.22,Very Strong
support,22456.1,2024-04-04 13:00:00,795,796,22458.7,22456.1,22468.85,22481.05,0.11110566839300114,12,5,70.22,Very Strong
support,17663.85,2023-04-11 13:15:00,146,147,17663.85,17665.45,17667.6,17683.15,0.109262703204584,32,5,70.22,Very Strong
support,25794.35,2024-09-30 15:15:00,1064,1065,25802.0,25794.35,25812.25,25822.8,0.11029547168275507,19,3,70.22,Very Strong
support,22520.8,2024-04-12 14:45:00,932,933,22532.05,22520.8,22532.05,22545.8,0.1110084899293098,8,4,70.22,Very Strong
support,22342.2,2024-03-28 11:00:00,683,684,22342.2,22345.55,22346.45,22367.3,0.1123434576720222,31,6,70.22,Very Strong
support,19545.35,2023-10-20 11:00:00,657,658,19547.9,19545.35,19549.15,19567.25,0.11204711094967067,16,3,70.22,Very Strong
support,17577.6,2023-04-06 10:30:00,83,84,17577.6,17581.15,17582.4,17597.25,0.11179000546150474,36,8,70.22,Very Strong
support,24964.95,2025-09-25 13:30:00,1733,1734,24964.95,24969.35,24976.0,24992.9,0.11195696366305852,10,4,70.22,Very Strong
support,25119.75,2025-10-09 13:15:00,1966,1967,25119.75,25127.7,25132.95,25147.3,0.10967465838632659,17,6,70.22,Very Strong
support,19777.1,2023-10-12 15:00:00,517,518,19787.15,19777.1,19794.1,19799.2,0.11174540251099596,14,5,70.22,Very Strong
support,22433.5,2024-04-01 14:45:00,724,725,22434.15,22433.5,22436.25,22457.1,0.10519981277998772,41,5,70.21,Very Strong
support,24999.75,2025-09-25 11:00:00,1723,1724,24999.75,25004.3,25007.05,25026.1,0.10540105401053428,16,3,70.21,Very Strong
support,23574.85,2025-03-27 12:30:00,1417,1418,23583.0,23574.85,23585.95,23599.7,0.10540894215658714,17,4,70.21,Very Strong
support,22475.7,2024-04-05 13:15:00,822,823,22475.7,22479.1,22484.85,22499.3,0.10500229136355506,9,5,70.21,Very Strong
support,25172.5,2025-10-13 11:45:00,2012,2013,25172.5,25175.2,25179.45,25198.7,0.10408183533618325,16,7,70.21,Very Strong
support,25085.9,2025-10-07 15:15:00,1922,1923,25085.9,25088.6,25091.0,25112.8,0.107231552385993,20,7,70.21,Very Strong
support,22691.45,2024-04-10 13:00:00,899,900,22691.45,22694.55,22698.2,22715.1,0.10422427830745862,8,5,70.21,Very Strong
support,19555.1,2023-10-19 11:00:00,631,632,19558.05,19555.1,19559.8,19574.85,0.10099667094517545,15,4,70.2,Very Strong
support,22423.45,2024-04-03 15:15:00,778,779,22423.45,22423.5,22430.7,22445.55,0.09855753686430298,13,5,70.2,Very Strong
support,24633.95,2025-09-29 12:15:00,1780,1781,24633.95,24639.1,24641.7,24658.55,0.09986218206986107,27,5,70.2,Very Strong
support,22409.7,2025-04-09 13:00:00,1627,1628,22416.25,22409.7,22425.3,22432.1,0.0999567151724379,9,6,70.2,Very Strong
support,19527.35,2023-10-20 12:00:00,661,662,19527.35,19530.6,19539.2,19546.95,0.10037204228941553,13,4,70.2,Very Strong
support,19729.8,2023-10-13 13:30:00,537,538,19729.8,19733.25,19732.25,19749.85,0.10162292572656222,20,7,70.2,Very Strong
support,22393.05,2024-04-02 13:15:00,744,745,22408.2,22393.05,22409.05,22415.35,0.09958446928845903,38,5,70.2,Very Strong
support,25085.6,2025-09-24 12:45:00,1704,1705,25088.95,25085.6,25092.4,25109.5,0.09527378256849131,35,5,70.19,Very Strong
support,17669.6,2023-04-10 12:45:00,118,119,17669.6,17673.65,17677.5,17686.15,0.09366369357542283,41,4,70.19,Very Strong
support,19814.5,2023-10-17 10:30:00,577,578,19814.8,19814.5,19817.6,19832.9,0.09286128845038459,17,4,70.19,Very Strong
support,22459.7,2024-04-01 11:45:00,712,713,22459.7,22463.7,22467.25,22481.55,0.09728536000034971,43,6,70.19,Very Strong
support,25113.95,2024-10-14 12:30:00,1287,1288,25120.25,25113.95,25120.75,25137.7,0.09456895470445707,56,6,70.19,Very Strong
support,24942.35,2024-10-11 14:30:00,1269,1270,24942.35,24950.1,24950.4,24965.55,0.093014491417211,27,8,70.19,Very Strong
support,24959.9,2025-09-25 12:45:00,1730,1731,24959.9,24961.5,24962.35,24983.8,0.09575358875635645,14,4,70.19,Very Strong
support,25131.05,2025-10-09 11:30:00,1959,1960,25131.05,25140.95,25147.55,25154.4,0.09291295031446034,21,5,70.19,Very Strong
support,24636.95,2025-09-30 09:45:00,1796,1797,24645.5,24636.95,24649.85,24659.95,0.09335571164450145,21,3,70.19,Very Strong
support,19806.0,2023-10-12 11:00:00,501,502,19806.0,19813.75,19813.5,19824.45,0.09315358982126996,37,4,70.19,Very Strong
support,22486.55,2024-04-05 13:45:00,824,825,22486.55,22489.95,22494.65,22508.35,0.09694684155639381,9,5,70.19,Very Strong
support,22347.8,2024-04-03 09:30:00,755,756,22347.8,22358.0,22363.95,22369.15,0.09553513097487083,25,6,70.19,Very Strong
support,24771.05,2025-09-26 10:15:00,1746,1747,24774.75,24771.05,24780.5,24794.95,0.09648359677931075,31,3,70.19,Very Strong
support,22357.75,2024-04-15 11:15:00,944,945,22361.2,22357.75,22361.9,22378.75,0.09392716172244524,16,5,70.19,Very Strong
support,22415.15,2025-04-09 12:30:00,1625,1626,22419.4,22415.15,22421.0,22435.2,0.08944843108343807,10,6,70.18,Very Strong
support,17676.25,2023-04-11 11:45:00,140,141,17682.5,17676.25,17684.85,17691.85,0.08825401315323411,31,7,70.18,Very Strong
support,19515.35,2023-10-09 14:45:00,438,439,19515.35,19519.3,19521.15,19533.05,0.09069783529375969,15,4,70.18,Very Strong
support,22412.75,2024-04-02 14:45:00,750,751,22412.75,22420.45,22420.55,22433.25,0.09146579513892762,26,6,70.18,Very Strong
support,19604.35,2023-10-06 11:30:00,399,400,19604.35,19604.75,19606.5,19621.65,0.08824572097520658,16,7,70.18,Very Strong
support,17620.7,2023-04-17 09:30:00,209,210,17633.9,17620.7,17634.45,17636.6,0.0902347806840694,42,9,70.18,Very Strong
support,22149.95,2024-04-16 12:00:00,973,974,22165.9,22149.95,22166.15,22169.75,0.08939072097227882,9,5,70.18,Very Strong
support,25189.8,2025-10-07 14:00:00,1917,1918,25189.8,25192.8,25198.45,25212.55,0.09031433357946471,30,4,70.18,Very Strong
support,17586.1,2023-04-20 13:15:00,302,303,17586.1,17595.65,17597.85,17601.95,0.09012799881726014,20,7,70.18,Very Strong
support,22473.05,2024-04-05 11:30:00,815,816,22473.05,22485.45,22487.25,22492.75,0.08766055341843108,16,5,70.18,Very Strong
support,17631.05,2023-04-19 11:30:00,269,270,17631.05,17632.1,17635.9,17647.25,0.09188335351553498,20,5,70.18,Very Strong
support,25032.05,2025-09-25 09:45:00,1718,1719,25045.0,25032.05,25054.0,25054.35,0.08908579201463433,28,6,70.18,Very Strong
support,17610.95,2023-04-20 11:45:00,296,297,17617.7,17610.95,17618.3,17626.4,0.08772950919740688,24,5,70.18,Very Strong
support,22642.15,2024-04-08 14:00:00,851,852,22644.1,22642.15,22655.85,22660.9,0.08281015716263693,20,5,70.17,Very Strong
support,19647.65,2023-10-06 14:30:00,411,412,19647.65,19656.25,19658.5,19664.35,0.0849974424422111,23,3,70.17,Very Strong
support,24625.6,2025-09-30 12:00:00,1805,1806,24627.7,24625.6,24632.25,24646.2,0.0836527840946096,13,3,70.17,Very Strong
support,24763.0,2025-10-01 13:45:00,1838,1839,24773.35,24763.0,24781.4,24783.9,0.08440011307192768,9,7,70.17,Very Strong
support,19810.2,2023-10-17 09:30:00,573,574,19810.2,19814.65,19817.85,19827.0,0.08480479752854223,19,3,70.17,Very Strong
support,23250.6,2025-04-03 12:45:00,1522,1523,23258.35,23250.6,23258.35,23270.25,0.08451394802715395,11,3,70.17,Very Strong
support,22113.75,2024-04-16 12:45:00,976,977,22118.8,22113.75,22120.65,22132.0,0.082527839014188,11,4,70.17,Very Strong
support,24931.6,2024-10-11 11:00:00,1255,1256,24951.45,24931.6,24951.45,24952.5,0.08382935712108912,30,7,70.17,Very Strong
support,24645.1,2025-09-30 13:00:00,1809,1810,24646.25,24645.1,24652.65,24664.95,0.0805433940215385,9,3,70.16,Very Strong
support,23581.6,2025-03-27 12:00:00,1415,1416,23599.4,23581.6,23600.45,23600.5,0.0801472334362446,21,4,70.16,Very Strong
support,23270.0,2025-04-03 10:45:00,1514,1515,23279.45,23270.0,23287.75,23289.1,0.08207993124193616,18,4,70.16,Very Strong
support,25012.25,2024-10-16 10:45:00,1332,1333,25021.25,25012.25,25023.6,25031.75,0.07796179871862788,33,3,70.16,Very Strong
support,19800.2,2023-10-11 11:15:00,476,477,19802.0,19800.2,19808.35,19816.2,0.08080726457308511,51,4,70.16,Very Strong
support,24923.75,2024-10-11 11:45:00,1258,1259,24923.75,24927.25,24930.7,24944.0,0.08124780580771353,18,8,70.16,Very Strong
support,25177.9,2025-10-13 13:30:00,2019,2020,25177.9,25184.3,25187.75,25198.25,0.08082485036479826,10,5,70.16,Very Strong
support,25039.55,2025-09-24 15:00:00,1713,1714,25041.1,25039.55,25041.1,25059.75,0.08067237630069521,34,5,70.16,Very Strong
support,25822.35,2025-10-20 11:45:00,2141,2142,25822.35,25829.3,25842.5,25843.35,0.08132489877954563,31,7,70.16,Very Strong
support,25238.05,2024-10-03 15:00:00,1115,1116,25238.05,25246.4,25246.75,25258.45,0.08083033356381121,15,5,70.16,Very Strong
support,25739.3,2024-10-01 11:15:00,1074,1075,25739.3,25742.9,25745.75,25760.45,0.08217006678503866,12,9,70.16,Very Strong
support,19589.7,2023-10-06 09:45:00,392,393,19590.85,19589.7,19592.2,19605.15,0.07886797653869496,11,7,70.16,Very Strong
support,19795.1,2023-10-11 10:00:00,471,472,19804.6,19795.1,19806.1,19810.4,0.0772918550550536,61,4,70.15,Very Strong
support,22376.5,2024-04-04 12:15:00,792,793,22376.5,22377.0,22385.3,22393.4,0.07552566308404557,28,4,70.15,Very Strong
support,19637.6,2023-10-19 12:45:00,638,639,19637.6,19640.75,19645.9,19652.35,0.07511101152890373,9,4,70.15,Very Strong
support,24949.3,2024-10-11 13:45:00,1266,1267,24949.3,24949.7,24953.6,24967.7,0.07374956411603313,35,7,70.15,Very Strong
support,19744.4,2023-10-16 13:15:00,562,563,19751.65,19744.4,19754.7,19759.7,0.07749032637101796,9,3,70.15,Very Strong
support,23581.8,2025-03-27 13:15:00,1420,1421,23586.55,23581.8,23586.6,23599.55,0.07526991154195184,16,3,70.15,Very Strong
support,25037.6,2024-10-15 11:30:00,1309,1310,25044.8,25037.6,25048.75,25056.5,0.07548646835160501,61,4,70.15,Very Strong
support,19528.6,2023-10-05 12:45:00,378,379,19528.6,19529.0,19531.7,19543.35,0.07553024794404106,43,5,70.15,Very Strong
support,19788.7,2023-10-11 14:00:00,487,488,19788.7,19789.5,19793.45,19803.2,0.07327414130286476,37,5,70.15,Very Strong
support,25023.4,2024-10-10 12:15:00,1234,1235,25030.6,25023.4,25032.5,25041.9,0.07393080077047882,72,4,70.15,Very Strong
support,25171.55,2025-10-13 12:15:00,2014,2015,25171.55,25175.65,25189.65,25191.0,0.07726977480528902,14,7,70.15,Very Strong
support,17589.7,2023-04-21 10:45:00,318,319,17595.95,17589.7,17597.55,17602.85,0.07475966048311124,12,4,70.15,Very Strong
support,19504.3,2023-10-09 13:15:00,432,433,19504.3,19507.15,19510.55,19518.9,0.0748552883210481,10,4,70.15,Very Strong
support,19696.65,2023-10-13 09:45:00,522,523,19706.95,19696.65,19708.4,19711.45,0.07513968111328206,24,5,70.15,Very Strong
support,19661.5,2023-10-10 13:00:00,457,458,19661.5,19668.75,19670.35,19676.5,0.07629122905170002,12,6,70.15,Very Strong
support,19532.4,2023-10-05 15:15:00,388,389,19532.4,19538.3,19540.2,19546.6,0.07269971944050443,39,3,70.15,Very Strong
support,23269.5,2025-04-02 12:30:00,1495,1496,23278.8,23269.5,23278.8,23286.15,0.07155289112358004,27,6,70.14,Very Strong
support,25266.85,2025-10-10 11:30:00,1985,1986,25274.95,25266.85,25282.55,25284.35,0.06926071116898229,18,5,70.14,Very Strong
support,25118.7,2024-10-14 14:30:00,1295,1296,25118.7,25122.5,25122.25,25136.2,0.06966921058812757,50,5,70.14,Very Strong
support,24965.55,2025-09-25 12:15:00,1728,1729,24965.55,24974.05,24981.5,24983.55,0.07209935290830764,16,4,70.14,Very Strong
support,25122.9,2025-10-09 12:00:00,1961,1962,25133.3,25122.9,25136.65,25140.0,0.06806539054009904,22,5,70.14,Very Strong
support,25755.1,2024-10-01 12:45:00,1080,1081,25762.75,25755.1,25771.1,25773.05,0.0696949342072084,10,6,70.14,Very Strong
support,17626.75,2023-04-19 10:45:00,266,267,17626.75,17631.85,17634.95,17639.35,0.07148226417234342,23,5,70.14,Very Strong
support,17586.25,2023-04-19 13:45:00,278,279,17594.1,17586.25,17594.1,17598.4,0.06908806596063091,31,5,70.14,Very Strong
support,17605.7,2023-04-21 10:00:00,315,316,17606.55,17605.7,17607.95,17617.65,0.06787574478720373,15,5,70.14,Very Strong
support,19608.25,2023-10-10 10:30:00,447,448,19611.6,19608.25,19612.05,19621.9,0.06961355551873041,9,6,70.14,Very Strong
support,25291.1,2025-10-15 11:45:00,2063,2064,25295.0,25291.1,25304.85,25306.95,0.06267026740632943,8,5,70.13,Very Strong
support,24749.05,2025-09-26 12:15:00,1754,1755,24749.05,24754.2,24764.3,24765.65,0.06707328160071672,25,3,70.13,Very Strong
support,17700.45,2023-04-11 14:30:00,151,152,17700.45,17706.05,17705.0,17711.8,0.06412266354809366,11,5,70.13,Very Strong
support,17590.65,2023-04-06 15:15:00,102,103,17590.7,17590.65,17591.35,17602.0,0.06452291416177654,45,6,70.13,Very Strong
support,19610.35,2023-10-10 11:00:00,449,450,19610.35,19610.8,19610.75,19622.8,0.06348688320198634,8,4,70.13,Very Strong
support,22690.35,2024-04-10 10:30:00,889,890,22690.35,22692.8,22694.0,22705.0,0.06456489212375065,18,7,70.13,Very Strong
support,25022.6,2025-10-08 11:30:00,1933,1934,25022.6,25030.7,25036.4,25038.3,0.06274328007481528,12,5,70.13,Very Strong
support,22184.6,2024-04-16 10:45:00,968,969,22184.6,22185.75,22188.35,22198.95,0.06468451087692446,9,3,70.13,Very Strong
support,19552.9,2023-10-09 11:15:00,424,425,19556.45,19552.9,19558.2,19566.05,0.06725345089474102,28,4,70.13,Very Strong
support,19757.15,2023-10-16 12:45:00,560,561,19757.15,19765.25,19764.65,19770.05,0.06529281804307714,11,6,70.13,Very Strong
support,22638.15,2024-04-08 12:00:00,843,844,22638.15,22641.55,22646.25,22653.25,0.0667015635111462,28,6,70.13,Very Strong
support,19821.0,2023-10-17 12:00:00,583,584,19821.0,19824.5,19828.8,19833.65,0.06382119973765933,12,4,70.13,Very Strong
support,24982.4,2024-10-10 15:00:00,1245,1246,24988.3,24982.4,24989.2,24998.55,0.06464551043934055,40,4,70.13,Very Strong
support,22489.95,2024-04-05 12:15:00,818,819,22489.95,22491.65,22498.85,22504.35,0.06402859944107397,16,5,70.13,Very Strong
support,17584.5,2023-04-20 14:00:00,305,306,17589.5,17584.5,17593.1,17594.75,0.05828997128152634,16,6,70.12,Very Strong
support,22605.9,2024-04-08 10:30:00,837,838,22605.9,22612.75,22614.75,22619.8,0.06148837250451349,15,7,70.12,Very Strong
support,25232.4,2024-10-03 14:30:00,1113,1114,25238.15,25232.4,25244.8,25248.05,0.0620234301929179,16,6,70.12,Very Strong
support,25006.55,2024-10-10 14:00:00,1241,1242,25006.55,25011.0,25017.45,25021.3,0.05898454604893518,49,6,70.12,Very Strong
support,22400.6,2024-04-02 14:00:00,747,748,22404.2,22400.6,22405.1,22414.0,0.05981982625466039,33,4,70.12,Very Strong
support,22321.05,2024-03-28 12:00:00,687,688,22321.05,22325.65,22330.75,22334.2,0.058912999164472346,14,5,70.12,Very Strong
support,19545.3,2023-10-05 11:45:00,374,375,19550.85,19545.3,19556.25,19556.75,0.05858185855423415,53,3,70.12,Very Strong
support,25097.4,2024-10-14 13:30:00,1291,1292,25097.4,25104.7,25104.45,25112.6,0.06056404249044558,49,6,70.12,Very Strong
support,24948.3,2024-10-11 15:00:00,1271,1272,24955.2,24948.3,24959.05,24962.75,0.057919778101116016,27,6,70.12,Very Strong
support,23298.15,2025-04-15 10:00:00,1667,1668,23298.15,23301.3,23306.1,23312.1,0.05987599873808474,13,5,70.12,Very Strong
support,25052.75,2025-10-08 14:30:00,1945,1946,25057.9,25052.75,25063.15,25068.4,0.062468192114643925,11,4,70.12,Very Strong
support,25126.65,2024-10-09 12:45:00,1210,1211,25130.2,25126.65,25134.8,25140.5,0.05512075823875663,62,4,70.11,Very Strong
support,25031.95,2024-10-04 14:00:00,1137,1138,25035.45,25031.95,25045.6,25045.4,0.05373133135852671,98,4,70.11,Very Strong
support,25123.3,2025-10-07 14:45:00,1920,1921,25123.3,25131.9,25134.4,25137.35,0.05592418193469518,32,3,70.11,Very Strong
support,17597.8,2023-04-21 11:30:00,321,322,17598.6,17597.8,17604.5,17607.25,0.05369989430497407,9,5,70.11,Very Strong
support,19755.5,2023-10-16 12:15:00,558,559,19757.3,19755.5,19762.0,19766.5,0.05568069651489459,11,5,70.11,Very Strong
support,25029.5,2025-09-25 10:15:00,1720,1721,25029.5,25030.6,25031.7,25043.55,0.05613376216064753,26,5,70.11,Very Strong
support,19690.0,2023-10-18 12:00:00,609,610,19695.3,19690.0,19697.55,19700.8,0.05485017775520199,10,4,70.11,Very Strong
support,17672.5,2023-04-18 11:00:00,241,242,17678.2,17672.5,17680.4,17681.8,0.05262413354080788,10,4,70.11,Very Strong
support,22727.1,2024-04-09 11:15:00,866,867,22727.2,22727.1,22729.65,22739.15,0.05302040295507526,15,4,70.11,Very Strong
support,22413.95,2024-04-02 11:30:00,737,738,22416.4,22413.95,22417.45,22425.8,0.05286886068719946,39,5,70.11,Very Strong
support,17615.3,2023-04-20 12:15:00,298,299,17617.2,17615.3,17620.55,17625.25,0.05648498748247676,16,5,70.11,Very Strong
support,25033.25,2024-10-15 14:00:00,1319,1320,25036.1,25033.25,25038.3,25046.9,0.054527478453662445,54,4,70.11,Very Strong
support,19804.9,2023-10-11 11:45:00,478,479,19812.75,19804.9,19813.2,19815.95,0.055794273134422645,54,5,70.11,Very Strong
support,22461.0,2024-04-01 12:15:00,714,715,22462.2,22461.0,22462.2,22473.3,0.054761586750364064,42,4,70.11,Very Strong
support,19646.55,2023-10-06 13:45:00,408,409,19646.55,19649.2,19653.1,19657.75,0.057007464414875524,26,5,70.11,Very Strong
support,19824.25,2023-10-17 11:00:00,579,580,19830.35,19824.25,19830.6,19834.55,0.05195656834432209,15,3,70.1,Very Strong
support,25110.1,2024-10-14 15:00:00,1297,1298,25110.1,25114.65,25121.0,25123.2,0.05217024225312596,49,4,70.1,Very Strong
support,22691.4,2024-04-10 12:30:00,897,898,22691.4,22697.05,22701.05,22702.2,0.0475951241439456,10,7,70.1,Very Strong
support,22450.5,2024-04-01 14:15:00,722,723,22453.75,22450.5,22454.5,22461.2,0.047660408454157935,37,5,70.1,Very Strong
support,23150.3,2025-04-01 14:00:00,1475,1476,23150.75,23150.3,23154.75,23161.55,0.04859548256394086,8,5,70.1,Very Strong
support,22416.55,2024-04-02 12:30:00,741,742,22416.55,22420.5,22420.45,22427.95,0.05085528326170377,31,7,70.1,Very Strong
support,22397.85,2024-03-28 13:00:00,691,692,22400.3,22397.85,22403.8,22408.65,0.04821891386897809,54,6,70.1,Very Strong
support,19503.25,2023-10-09 12:45:00,430,431,19515.1,19503.25,19515.1,19513.35,0.05178624075473854,12,5,70.1,Very Strong
support,22641.1,2024-04-09 13:45:00,876,877,22652.05,22641.1,22652.5,22652.7,0.05123425981954138,15,6,70.1,Very Strong
support,22674.55,2024-04-10 11:30:00,893,894,22674.55,22679.9,22681.95,22685.45,0.04807151630352732,13,7,70.1,Very Strong
support,22695.7,2024-04-10 11:00:00,891,892,22695.7,22702.3,22702.7,22706.3,0.04670488242265515,16,7,70.09,Very Strong
support,17735.2,2023-04-12 10:30:00,161,162,17736.75,17735.2,17742.15,17743.55,0.047081510216961435,12,8,70.09,Very Strong
support,25274.8,2025-10-10 12:00:00,1987,1988,25274.8,25274.95,25277.65,25286.3,0.045499865478658585,22,4,70.09,Very Strong
support,22664.35,2024-04-08 14:45:00,854,855,22664.35,22665.5,22665.15,22675.05,0.04721070756496758,22,6,70.09,Very Strong
support,19682.9,2023-10-10 15:15:00,466,467,19683.7,19682.9,19688.3,19691.5,0.043692748527902614,25,5,70.09,Very Strong
support,22618.0,2024-04-08 11:15:00,840,841,22618.0,22622.3,22623.85,22628.2,0.045096825537186,18,6,70.09,Very Strong
support,19799.55,2023-10-11 13:30:00,485,486,19799.55,19802.05,19807.0,19808.65,0.045960640519618796,42,6,70.09,Very Strong
support,17765.15,2023-04-12 12:45:00,170,171,17765.15,17765.85,17766.25,17772.8,0.043061837361338444,13,5,70.09,Very Strong
support,24810.45,2025-10-03 11:30:00,1855,1856,24810.55,24810.45,24811.45,24821.4,0.044134628755225024,12,6,70.09,Very Strong
support,17594.8,2023-04-06 12:00:00,89,90,17594.8,17594.95,17597.85,17602.3,0.042626230477186444,58,6,70.09,Very Strong
support,22414.4,2024-04-02 12:00:00,739,740,22416.4,22414.4,22417.15,22424.5,0.04506031836675773,37,5,70.09,Very Strong
support,24937.5,2024-10-16 12:15:00,1338,1339,24937.5,24941.1,24948.05,24948.95,0.04591478696742146,16,5,70.09,Very Strong
support,24945.4,2024-10-11 12:45:00,1262,1263,24947.45,24945.4,24948.75,24956.3,0.04369543082090412,36,6,70.09,Very Strong
support,17792.05,2023-04-13 09:45:00,184,185,17795.9,17792.05,17798.8,17799.5,0.041872634125919884,8,4,70.08,Very Strong
support,26179.9,2024-09-27 13:00:00,1029,1030,26182.2,26179.9,26189.2,26189.85,0.03800625670837967,8,5,70.08,Very Strong
support,19670.55,2023-10-13 11:00:00,527,528,19674.35,19670.55,19677.2,19678.85,0.04219505809445731,15,6,70.08,Very Strong
support,25181.95,2025-10-13 11:00:00,2009,2010,25181.95,25183.2,25191.6,25191.4,0.037526879371933976,21,6,70.08,Very Strong
support,19525.75,2023-10-20 13:00:00,665,666,19525.75,19527.45,19531.0,19533.6,0.04020332125525803,9,4,70.08,Very Strong
support,17637.3,2023-04-17 11:15:00,216,217,17637.3,17639.85,17640.95,17644.4,0.040255594677202196,36,6,70.08,Very Strong
support,17331.65,2023-04-03 10:45:00,32,33,17336.25,17331.65,17337.85,17338.85,0.041542495953917194,12,6,70.08,Very Strong
support,23300.45,2025-04-15 10:45:00,1670,1671,23300.95,23300.45,23309.6,23309.55,0.03905503970952726,12,7,70.08,Very Strong
support,17624.2,2023-04-10 10:00:00,107,108,17628.35,17624.2,17628.85,17630.0,0.032909295173677515,54,4,70.07,Very Strong
support,17673.75,2023-04-17 12:45:00,222,223,17673.75,17676.5,17677.8,17680.35,0.03734351792912396,22,4,70.07,Very Strong
support,25297.55,2025-10-10 14:00:00,1995,1996,25303.5,25297.55,25304.95,25305.8,0.03261185371705956,19,3,70.07,Very Strong
support,22445.1,2024-04-03 11:45:00,764,765,22448.75,22445.1,22452.45,22453.5,0.037424649478066285,17,6,70.07,Very Strong
support,19696.3,2023-10-10 14:45:00,464,465,19696.4,19696.3,19698.25,19702.6,0.03198570289851024,28,5,70.06,Very Strong
support,22484.5,2024-04-03 13:15:00,770,771,22485.3,22484.5,22485.3,22491.05,0.029131179256818133,32,4,70.06,Very Strong
support,22428.65,2024-04-02 10:00:00,731,732,22428.7,22428.65,22429.9,22433.6,0.02206998637901563,39,4,70.04,Very Strong
support,19682.25,2023-10-13 10:30:00,525,526,19682.55,19682.25,19685.2,19685.25,0.015242159814045652,21,7,70.03,Very Strong
support,22362.1,2025-04-09 09:30:00,1613,1614,22362.5,22362.1,22385.1,22467.85,0.4728983413901199,7,4,65.95,Strong
support,19487.95,2023-10-05 10:45:00,370,371,19488.8,19487.95,19494.6,19561.35,0.37664300247074634,7,5,65.75,Strong
support,23452.6,2025-03-26 15:00:00,1401,1402,23452.6,23468.85,23480.65,23501.45,0.2082924707708407,7,3,65.42,Strong
support,19681.25,2023-10-18 13:00:00,613,614,19681.25,19689.0,19690.9,19709.65,0.14429977770721603,7,3,65.29,Strong
support,22807.8,2025-04-11 10:00:00,1641,1642,22819.95,22807.8,22827.6,22832.7,0.10917317759714422,7,5,65.22,Strong
support,19726.25,2023-10-16 11:15:00,554,555,19726.25,19731.3,19742.45,19748.35,0.11203345795576221,7,4,65.22,Strong
support,17517.15,2023-04-05 14:00:00,71,72,17517.15,17521.5,17523.6,17536.8,0.11217578201932285,7,4,65.22,Strong
support,19385.3,2023-10-04 10:15:00,342,343,19385.65,19385.3,19392.95,19405.1,0.10213924984395018,7,4,65.2,Strong
support,25228.55,2025-10-13 14:45:00,2024,2025,25228.55,25232.25,25245.85,25249.2,0.08185171165208248,7,5,65.16,Strong
support,19355.6,2023-10-04 12:00:00,349,350,19355.6,19357.05,19362.0,19370.7,0.0780135981318181,7,6,65.16,Strong
support,17736.75,2023-04-13 11:15:00,190,191,17740.8,17736.75,17747.6,17750.55,0.07780455833227211,7,5,65.16,Strong
support,23292.2,2025-04-15 11:15:00,1672,1673,23292.8,23292.2,23295.15,23311.0,0.08071371532100563,7,6,65.16,Strong
support,19775.85,2023-10-17 14:15:00,592,593,19775.85,19779.65,19782.3,19789.05,0.06674807909647741,7,4,65.13,Strong
support,22539.05,2024-04-12 14:15:00,930,931,22539.2,22539.05,22544.7,22548.15,0.04037437247799789,7,3,65.08,Strong
support,25033.15,2024-10-09 10:00:00,1199,1200,25068.45,25033.15,25076.95,25171.0,0.5506698118295082,88,2,61.1,Strong
support,24804.3,2024-10-08 10:15:00,1174,1175,24804.3,24805.65,24827.85,24884.9,0.32494365896236616,26,2,60.65,Strong
support,25109.5,2024-10-09 10:30:00,1201,1202,25109.5,25117.65,25117.6,25179.85,0.28017284294788247,78,2,60.56,Strong
support,17767.25,2023-04-12 15:00:00,179,180,17767.25,17778.35,17778.35,17811.9,0.25130506972098354,9,2,60.5,Strong
support,25020.3,2024-10-07 09:45:00,1146,1147,25050.1,25020.3,25071.95,25077.75,0.22961355379432194,93,2,60.46,Strong
support,22858.15,2025-04-04 15:00:00,1557,1558,22858.15,22864.9,22864.95,22911.0,0.2312085623727141,6,3,60.46,Strong
support,23216.45,2025-04-02 10:15:00,1486,1487,23216.45,23224.6,23238.85,23267.35,0.21924109844527398,6,4,60.44,Strong
support,24908.95,2024-10-16 11:45:00,1336,1337,24930.75,24908.95,24935.9,24956.85,0.19230035790347572,6,3,60.38,Strong
support,22451.6,2024-04-05 10:15:00,810,811,22451.6,22458.95,22474.6,22493.25,0.1855101640863077,6,3,60.37,Strong
support,25042.25,2024-10-09 09:30:00,1197,1198,25042.25,25042.5,25055.45,25086.55,0.1769010372470496,89,2,60.35,Strong
support,25096.45,2024-10-09 12:15:00,1208,1209,25096.45,25102.15,25117.75,25136.7,0.16038124914081472,68,2,60.32,Strong
support,25833.85,2025-10-20 12:30:00,2144,2145,25833.85,25840.95,25849.0,25868.7,0.13490052779590417,25,2,60.27,Strong
support,26167.4,2024-09-27 13:30:00,1031,1032,26167.4,26173.35,26179.7,26201.0,0.12840404472740335,6,3,60.26,Strong
support,25274.35,2025-10-10 12:30:00,1989,1990,25274.35,25275.0,25282.85,25303.75,0.11632346628103774,20,2,60.23,Strong
support,22321.6,2024-04-15 13:15:00,952,953,22321.6,22333.2,22338.3,22345.7,0.10796717081213794,6,3,60.22,Strong
support,19548.75,2023-10-20 10:00:00,653,654,19550.9,19548.75,19551.75,19570.6,0.11177185242022404,15,2,60.22,Strong
support,26211.8,2024-09-27 09:30:00,1015,1016,26211.8,26218.7,26230.6,26240.85,0.11082794771820048,9,2,60.22,Strong
support,24796.8,2025-10-03 12:30:00,1859,1860,24809.65,24796.8,24824.75,24824.4,0.11130468447542499,6,4,60.22,Strong
support,25073.85,2024-10-14 11:00:00,1281,1282,25084.8,25073.85,25089.65,25101.5,0.11027424986590195,57,2,60.22,Strong
support,22627.25,2024-04-12 09:45:00,912,913,22627.25,22632.5,22640.55,22650.7,0.10363610248704869,6,3,60.21,Strong
support,23137.45,2025-04-01 14:30:00,1477,1478,23137.45,23143.65,23154.75,23161.65,0.10459233839511582,6,4,60.21,Strong
support,25754.6,2024-10-01 14:45:00,1088,1089,25754.6,25757.55,25757.6,25780.05,0.09881729865733008,6,3,60.2,Strong
support,17783.6,2023-04-13 10:15:00,186,187,17785.05,17783.6,17792.4,17798.4,0.08322274455117587,6,3,60.17,Strong
support,22260.1,2024-04-15 15:15:00,960,961,22260.1,22262.55,22270.0,22277.45,0.07794214760940958,6,4,60.16,Strong
support,19347.6,2023-10-04 12:30:00,351,352,19359.85,19347.6,19361.4,19362.7,0.07804585581675341,6,5,60.16,Strong
support,19803.45,2023-10-12 11:30:00,503,504,19803.45,19804.75,19805.8,19818.8,0.07751174669059455,30,2,60.16,Strong
support,25882.3,2024-09-30 11:45:00,1050,1051,25891.55,25882.3,25892.5,25901.4,0.07379560549101966,18,2,60.15,Strong
support,25053.55,2024-10-15 12:30:00,1313,1314,25055.95,25053.55,25058.1,25068.55,0.059871754701429546,57,2,60.12,Strong
support,23254.05,2025-04-03 13:15:00,1524,1525,23254.05,23254.95,23258.95,23268.35,0.06149466437028936,9,2,60.12,Strong
support,19531.65,2023-10-20 13:45:00,668,669,19534.5,19531.65,19542.95,19543.25,0.059390783676742845,6,3,60.12,Strong
support,19796.75,2023-10-12 13:15:00,510,511,19796.75,19800.0,19802.3,19807.65,0.05505954260169703,24,2,60.11,Strong
support,22174.55,2024-04-18 09:45:00,990,991,22182.0,22174.55,22200.45,22207.25,0.14746635219204327,5,3,55.29,Strong
support,22718.3,2024-04-10 14:15:00,904,905,22720.15,22718.3,22721.65,22742.7,0.10740240246850097,5,3,55.21,Strong
support,24878.7,2025-09-25 15:15:00,1740,1741,24878.7,24881.8,24883.3,24904.55,0.10390414290135154,5,4,55.21,Strong
support,24747.05,2025-10-01 13:00:00,1835,1836,24747.05,24747.45,24753.5,24770.7,0.09556694636330978,5,4,55.19,Strong
support,25324.7,2025-10-15 13:15:00,2069,2070,25324.7,25324.95,25325.5,25349.0,0.09595375266044325,7,2,55.19,Strong
support,25215.25,2025-10-13 15:15:00,2026,2027,25215.25,25220.15,25220.45,25237.15,0.0868522025361694,7,2,55.17,Strong
support,22264.3,2024-04-18 11:30:00,997,998,22273.3,22264.3,22276.05,22282.55,0.08196979020225204,5,3,55.16,Strong
support,22487.25,2024-04-05 14:45:00,828,829,22487.25,22490.75,22494.15,22505.0,0.07893361793905435,5,3,55.16,Strong
support,22119.9,2024-04-16 14:30:00,983,984,22119.9,22129.3,22133.35,22136.55,0.07527158802706077,5,3,55.15,Strong
support,22295.9,2024-04-15 14:30:00,957,958,22300.8,22295.9,22306.8,22312.05,0.07243484228040947,7,2,55.14,Strong
support,24998.2,2025-10-06 12:30:00,1885,1886,25002.2,24998.2,25006.0,25014.9,0.06680480994631904,5,5,55.13,Strong
support,17306.55,2023-03-31 13:00:00,15,16,17306.55,17308.25,17311.5,17316.65,0.05835940727644841,5,4,55.12,Strong
support,21976.4,2025-04-07 11:00:00,1567,1568,21976.4,21980.25,21983.65,21986.3,0.04504832456634306,5,3,55.09,Strong
support,23315.2,2025-04-15 14:00:00,1683,1684,23322.15,23315.2,23325.75,23326.05,0.04653616524841538,5,4,55.09,Strong
support,22396.35,2025-04-09 14:00:00,1631,1632,22396.55,22396.35,22398.65,22402.25,0.026343578306293015,5,4,55.05,Strong
support,25175.45,2024-10-04 10:30:00,1123,1124,25175.45,25198.65,25199.1,25282.9,0.42680468472261957,50,1,50.85,Strong
support,25788.55,2025-10-20 10:00:00,2134,2135,25788.55,25795.9,25808.55,25856.55,0.263682913541087,4,4,50.53,Strong
support,19498.2,2023-10-09 14:15:00,436,437,19507.5,19498.2,19513.2,19528.55,0.15565539383121796,4,3,50.31,Strong
support,24780.85,2025-10-03 10:15:00,1850,1851,24791.85,24780.85,24798.35,24812.6,0.12812312733421172,4,3,50.26,Strong
support,25008.55,2025-10-08 12:30:00,1937,1938,25008.55,25015.95,25025.8,25040.25,0.12675664922596763,4,3,50.25,Strong
support,19334.55,2023-10-04 13:00:00,353,354,19352.95,19334.55,19353.45,19357.0,0.11611338251989692,4,4,50.23,Strong
support,19823.65,2023-10-17 12:30:00,585,586,19825.35,19823.65,19827.5,19843.1,0.09811513016017277,9,1,50.2,Strong
support,22558.5,2024-04-12 13:45:00,928,929,22558.5,22559.8,22564.3,22580.55,0.09774586076201552,4,3,50.2,Strong
support,17487.5,2023-04-05 11:45:00,62,63,17487.5,17487.6,17488.2,17504.2,0.0954967834167304,4,3,50.19,Strong
support,25837.65,2025-10-20 14:00:00,2150,2151,25837.65,25841.7,25854.4,25861.05,0.09056551195638077,24,1,50.18,Strong
support,23291.65,2025-04-15 11:45:00,1674,1675,23302.2,23291.65,23304.9,23312.8,0.09080507392133154,4,4,50.18,Strong
support,22951.7,2025-04-04 11:45:00,1544,1545,22961.75,22951.7,22970.1,22971.35,0.08561457321243227,6,2,50.17,Strong
support,17336.15,2023-04-03 13:00:00,41,42,17343.7,17336.15,17344.55,17348.25,0.06979635040074379,4,4,50.14,Strong
support,22503.85,2024-04-12 15:15:00,934,935,22511.1,22503.85,22515.85,22519.4,0.0690992874552706,4,3,50.14,Strong
support,24811.95,2025-10-03 13:30:00,1863,1864,24823.55,24811.95,24824.85,24828.25,0.06569415140687963,4,3,50.13,Strong
support,25805.8,2025-10-20 14:30:00,2152,2153,25806.75,25805.8,25817.15,25817.35,0.04475738012384531,4,3,50.09,Strong
support,25890.25,2024-09-30 12:15:00,1052,1053,25892.4,25890.25,25895.15,25900.8,0.04074893058197303,11,1,50.08,Strong
support,22357.05,2025-04-09 10:15:00,1616,1617,22357.05,22366.2,22371.2,22398.2,0.1840582724465055,3,3,45.37,Moderate
support,23484.0,2025-03-28 12:45:00,1444,1445,23484.0,23491.1,23500.65,23527.2,0.18395503321410633,7,1,45.37,Moderate
support,22921.95,2025-04-04 10:30:00,1539,1540,22921.95,22924.35,22933.45,22960.8,0.16948819799361983,5,2,45.34,Moderate
support,24598.15,2025-09-30 15:15:00,1818,1819,24598.15,24603.3,24614.85,24633.6,0.14411652908855782,3,3,45.29,Moderate
support,17552.0,2023-04-06 14:00:00,97,98,17552.0,17564.9,17568.25,17575.6,0.13445761166817768,3,3,45.27,Moderate
support,22283.75,2024-04-18 12:15:00,1000,1001,22283.75,22291.3,22292.15,22313.05,0.13148594828069454,5,2,45.26,Moderate
support,25493.35,2025-10-16 13:00:00,2094,2095,25493.35,25499.4,25503.85,25524.0,0.12022743185968678,3,3,45.24,Moderate
support,22368.75,2025-04-09 10:45:00,1618,1619,22368.75,22383.5,22386.6,22393.55,0.11086895780944074,3,3,45.22,Moderate
support,24984.45,2025-10-06 12:00:00,1883,1884,24984.45,24990.25,24992.35,25008.05,0.0944587533445745,3,3,45.19,Moderate
support,25873.8,2025-10-21 14:00:00,2176,2177,25873.8,25878.85,25893.65,25896.9,0.08927950281753042,5,2,45.18,Moderate
support,26041.9,2025-10-23 11:30:00,2192,2193,26042.9,26041.9,26047.0,26056.55,0.05625549595074789,5,2,45.11,Moderate
support,19611.7,2023-10-10 11:45:00,452,453,19611.7,19618.75,19621.8,19622.6,0.055579067597392465,5,2,45.11,Moderate
support,24588.0,2025-09-30 14:30:00,1815,1816,24588.0,24600.75,24612.0,24640.3,0.21270538474052086,4,2,40.43,Moderate
support,22320.9,2024-04-15 13:45:00,954,955,22320.9,22334.8,22333.85,22344.25,0.10461047717609301,4,2,40.21,Moderate
support,23151.65,2025-04-01 15:00:00,1479,1480,23151.65,23154.75,23161.3,23174.5,0.09869706910737915,4,2,40.2,Moderate
support,25652.8,2025-10-17 13:15:00,2121,2122,25652.8,25663.65,25668.75,25677.35,0.09570105407596548,4,2,40.19,Moderate
support,25282.7,2025-10-15 12:15:00,2065,2066,25288.25,25282.7,25288.25,25307.0,0.09611315247184546,4,2,40.19,Moderate
support,25311.9,2025-10-15 14:15:00,2073,2074,25311.9,25312.45,25326.9,25333.75,0.08632303382993194,4,2,40.17,Moderate
support,24960.85,2025-10-06 10:30:00,1877,1878,24961.1,24960.85,24966.3,24976.6,0.06309881274075202,4,2,40.13,Moderate
support,17577.8,2023-04-21 12:30:00,325,326,17582.4,17577.8,17582.7,17587.5,0.055183242499065456,4,2,40.11,Moderate
support,23595.95,2025-03-27 14:00:00,1423,1424,23595.95,23600.55,23604.9,23609.1,0.05572990280110704,9,0,40.11,Moderate
support,19618.35,2023-10-19 13:30:00,641,642,19618.35,19639.65,19642.95,19651.8,0.17050363562685308,5,1,35.34,Moderate
support,17499.05,2023-04-05 12:30:00,65,66,17499.05,17504.15,17507.7,17525.7,0.15229398167329916,3,2,35.3,Moderate
support,17778.5,2023-04-13 14:15:00,202,203,17778.5,17779.95,17780.6,17801.7,0.13049469865287133,3,2,35.26,Moderate
support,22729.85,2024-04-10 15:00:00,907,908,22729.85,22741.15,22742.6,22752.65,0.10030862500193759,3,2,35.2,Moderate
support,17478.15,2023-04-05 11:15:00,60,61,17478.15,17482.25,17485.95,17495.35,0.09840858443254628,3,2,35.2,Moderate
support,19747.65,2023-10-16 14:15:00,566,567,19752.5,19747.65,19754.2,19764.4,0.08482021911467946,5,1,35.17,Moderate
support,19531.55,2023-10-20 14:30:00,671,672,19538.3,19531.55,19539.45,19542.9,0.05811110741340131,3,2,35.12,Moderate
support,23253.55,2025-04-03 14:15:00,1528,1529,23253.95,23253.55,23255.3,23258.45,0.021072051364206562,5,1,35.04,Moderate
support,25164.75,2025-10-14 10:15:00,2031,2032,25176.25,25164.75,25196.7,25210.45,0.18160323468343903,4,1,30.36,Moderate
support,25710.4,2025-10-17 11:45:00,2115,2116,25730.8,25710.4,25743.35,25754.85,0.17288723629347302,4,1,30.35,Moderate
support,22155.0,2024-04-18 10:30:00,993,994,22155.0,22159.7,22176.3,22191.15,0.1631685849695394,2,2,30.33,Moderate
support,25060.55,2025-10-14 12:45:00,2041,2042,25060.55,25062.65,25066.3,25098.1,0.14983709455698008,2,2,30.3,Moderate
support,17729.65,2023-04-13 12:30:00,195,196,17735.3,17729.65,17740.6,17752.35,0.1280341123485071,4,1,30.26,Moderate
support,22944.75,2025-04-04 12:15:00,1546,1547,22944.75,22963.9,22965.3,22972.2,0.11963521066911048,4,1,30.24,Moderate
support,26206.95,2024-09-27 12:00:00,1025,1026,26206.95,26212.3,26213.4,26236.75,0.11371029440663362,4,1,30.23,Moderate
support,25368.9,2024-10-03 12:30:00,1105,1106,25373.2,25368.9,25375.05,25396.95,0.11056845192341518,4,1,30.22,Moderate
support,22626.5,2024-04-12 10:15:00,914,915,22626.5,22627.65,22641.7,22648.1,0.09546328420214592,4,1,30.19,Moderate
support,17233.65,2023-03-31 10:45:00,6,7,17233.65,17235.55,17248.2,17249.4,0.09139097057210746,2,2,30.18,Moderate
support,26062.3,2025-10-23 12:15:00,2195,2196,26062.3,26069.25,26077.1,26086.15,0.09151149361338862,4,1,30.18,Moderate
support,25962.55,2024-09-30 10:00:00,1043,1044,25962.55,25964.75,25980.65,25982.55,0.07703403556276252,6,0,30.15,Moderate
support,26174.25,2024-09-27 14:15:00,1034,1035,26174.25,26180.55,26186.8,26191.4,0.06552241229453168,4,1,30.13,Moderate
support,19718.8,2023-10-16 15:15:00,570,571,19730.45,19718.8,19730.45,19730.95,0.061616325537058314,4,1,30.12,Moderate
support,24879.5,2025-10-03 15:15:00,1870,1871,24886.7,24879.5,24888.5,24895.0,0.06230028738519665,2,2,30.12,Moderate
support,17338.45,2023-04-03 13:30:00,43,44,17338.45,17339.35,17342.7,17347.4,0.051619377741382456,2,2,30.1,Moderate
support,19343.1,2023-10-04 13:30:00,355,356,19349.25,19343.1,19350.8,19352.1,0.04652821936504491,2,2,30.09,Moderate
support,23308.35,2025-04-15 14:45:00,1686,1687,23308.35,23309.15,23309.6,23312.0,0.015659624126124136,2,2,30.03,Moderate
support,22079.7,2024-04-16 13:30:00,979,980,22079.7,22090.7,22100.1,22119.6,0.18070897702413447,3,1,25.36,Weak
support,22586.6,2024-04-08 10:00:00,835,836,22588.25,22586.6,22591.65,22626.25,0.17554656300639077,3,1,25.35,Weak
support,19690.2,2023-10-18 13:45:00,616,617,19690.2,19696.4,19700.5,19716.1,0.13153751612476164,3,1,25.26,Weak
support,21898.3,2025-04-07 10:15:00,1564,1565,21911.05,21898.3,21918.15,22005.15,0.48793741979972044,2,1,20.98,Weak
support,19480.9,2023-10-09 09:30:00,417,418,19480.9,19506.35,19507.55,19550.05,0.354963066388092,2,1,20.71,Weak
support,23214.9,2025-04-03 10:00:00,1511,1512,23214.9,23223.75,23234.6,23277.6,0.27008516082342415,2,1,20.54,Weak
support,22530.8,2025-04-08 14:45:00,1608,1609,22554.7,22530.8,22569.15,22577.8,0.20860333410265058,2,1,20.42,Weak
support,17512.25,2023-04-06 09:30:00,79,80,17512.25,17517.65,17531.95,17533.2,0.1196305443332566,2,1,20.24,Weak
support,17744.9,2023-04-13 13:15:00,198,199,17748.9,17744.9,17750.0,17761.35,0.09270269204107709,2,1,20.19,Weak
support,24772.95,2025-10-03 10:45:00,1852,1853,24779.95,24772.95,24782.85,24791.3,0.0740727285204166,2,1,20.15,Weak
support,17614.8,2023-04-21 14:45:00,334,335,17614.8,17615.45,17615.85,17627.9,0.07436928037787646,2,1,20.15,Weak
support,21796.9,2025-04-07 12:30:00,1573,1574,21839.4,21796.9,21846.15,21896.1,0.4551105891204579,1,1,15.91,Weak
support,22108.7,2024-04-16 15:00:00,985,986,22108.7,22116.6,22123.25,22168.9,0.2722909985661786,3,0,15.54,Weak
support,17596.3,2023-04-21 14:15:00,332,333,17596.3,17596.65,17599.85,17629.3,0.18753942590203623,1,1,15.38,Weak
support,23519.0,2025-03-28 10:15:00,1434,1435,23519.5,23519.0,23524.15,23559.25,0.17113822866618478,3,0,15.34,Weak
support,17379.3,2023-04-03 15:00:00,49,50,17379.3,17381.75,17382.7,17404.1,0.14269849763799045,1,1,15.29,Weak
support,25417.55,2025-10-16 10:15:00,2083,2084,25422.35,25417.55,25423.45,25453.25,0.14045413503662127,1,1,15.28,Weak
support,23629.55,2025-03-26 11:15:00,1386,1387,23629.55,23640.85,23653.0,23662.45,0.139232444121879,3,0,15.28,Weak
support,23561.7,2025-03-28 11:45:00,1440,1441,23568.05,23561.7,23569.05,23589.5,0.11798809084233851,3,0,15.24,Weak
support,17454.35,2023-04-05 09:45:00,54,55,17454.35,17457.4,17457.95,17473.2,0.10799600099689868,1,1,15.22,Weak
support,19529.1,2023-10-20 15:00:00,673,674,19535.95,19529.1,19538.05,19546.4,0.08858575151954218,1,1,15.18,Weak
support,22651.1,2024-04-12 11:15:00,918,919,22651.1,22656.1,22657.85,22671.5,0.09006185130082625,1,1,15.18,Weak
support,22885.4,2025-04-11 13:00:00,1653,1654,22885.4,22886.4,22886.45,22904.5,0.08345932341142626,1,1,15.17,Weak
support,24808.15,2025-10-03 14:15:00,1866,1867,24808.15,24808.15,24809.05,24828.9,0.08364186769267357,1,1,15.17,Weak
support,22387.35,2025-04-09 15:00:00,1635,1636,22396.35,22387.35,22399.05,22402.7,0.06856550685991054,1,1,15.14,Weak
support,25441.6,2025-10-16 11:45:00,2089,2090,25445.25,25441.6,25447.1,25451.35,0.03832306144267656,1,1,15.08,Weak
support,25991.85,2025-10-23 09:30:00,2184,2185,25991.85,26050.5,26053.1,26074.3,0.31721481926065564,2,0,10.63,Weak
support,23451.6,2025-03-28 14:00:00,1449,1450,23453.75,23451.6,23473.25,23503.3,0.2204540415152942,2,0,10.44,Weak
support,19775.35,2023-10-18 09:30:00,599,600,19775.35,19786.5,19791.2,19816.25,0.20682314093050921,2,0,10.41,Weak
support,19717.75,2023-10-18 11:15:00,606,607,19717.75,19719.8,19724.9,19738.8,0.1067566025535331,2,0,10.21,Weak
support,19628.65,2023-10-19 14:30:00,645,646,19637.2,19628.65,19641.35,19644.15,0.07896620501155198,2,0,10.16,Weak
support,23656.65,2025-03-26 10:30:00,1383,1384,23656.65,23657.15,23662.8,23670.85,0.060025405118632975,2,0,10.12,Weak
support,19677.85,2023-10-18 14:45:00,620,621,19677.85,19682.2,19684.0,19684.2,0.03226978557109737,2,0,10.06,Weak
support,22461.75,2025-04-08 14:00:00,1605,1606,22461.75,22512.95,22546.4,22598.4,0.6083675581822496,1,0,6.22,Weak
support,22609.75,2025-04-08 13:15:00,1602,1603,22609.75,22624.55,22666.4,22687.3,0.34299362000906364,1,0,5.69,Weak
support,23183.25,2025-04-02 09:45:00,1484,1485,23233.5,23183.25,23234.0,23244.65,0.2648463869388522,1,0,5.53,Weak
support,25926.4,2025-10-23 14:30:00,2204,2205,25926.4,25929.15,25943.05,25980.95,0.21040329548259407,1,0,5.42,Weak
support,17789.55,2023-04-13 14:45:00,204,205,17789.55,17793.9,17795.55,17819.75,0.16976258533802557,1,0,5.34,Weak
support,26152.45,2024-09-27 15:00:00,1037,1038,26177.65,26152.45,26187.4,26195.15,0.16327342180178425,1,0,5.33,Weak
support,19802.3,2023-10-18 10:00:00,601,602,19802.3,19812.55,19813.65,19832.7,0.1535175206920482,1,0,5.31,Weak
support,22846.1,2025-04-11 13:30:00,1655,1656,22872.25,22846.1,22874.2,22875.1,0.12693632611255312,1,0,5.25,Weak
support,26038.45,2025-10-23 13:00:00,2198,2199,26056.35,26038.45,26057.4,26059.6,0.08122603303959267,1,0,5.16,Weak
support,23240.8,2025-04-03 15:00:00,1531,1532,23243.0,23240.8,23249.25,23253.05,0.052709028949089534,1,0,5.11,Weak
support,22319.4,2025-04-08 11:45:00,1596,1597,22319.4,22353.65,22357.35,22429.1,0.49150066758065664,0,0,0.98,Weak
support,17503.6,2023-04-06 10:00:00,81,82,17503.6,17520.2,17527.85,17588.5,0.4850430768527701,0,0,0.97,Weak
support,22272.9,2025-04-08 10:45:00,1592,1593,22275.85,22272.9,22292.65,22374.4,0.4557107516309057,0,0,0.91,Weak
support,23211.4,2025-04-15 09:30:00,1665,1666,23211.4,23264.65,23297.65,23310.95,0.4288840828213691,0,0,0.86,Weak
support,25562.55,2025-10-17 10:00:00,2108,2109,25562.55,25603.15,25603.2,25670.15,0.42092827202294836,0,0,0.84,Weak
support,21814.35,2025-04-07 13:15:00,1576,1577,21841.65,21814.35,21859.65,21898.1,0.38392159289641914,0,0,0.77,Weak
support,22736.05,2025-04-11 10:45:00,1644,1645,22736.05,22760.75,22784.35,22806.35,0.3092005867334004,0,0,0.62,Weak
support,25658.25,2025-10-17 14:30:00,2126,2127,25658.25,25672.3,25679.5,25731.1,0.2839242738690228,0,0,0.57,Weak
support,23749.65,2025-03-25 10:15:00,1356,1357,23770.4,23749.65,23770.4,23813.0,0.26674077302191207,0,0,0.53,Weak
support,19394.15,2023-10-04 15:00:00,361,362,19400.65,19394.15,19408.15,19444.55,0.2598721779505563,0,0,0.52,Weak
support,24881.9,2025-10-06 09:30:00,1873,1874,24898.65,24881.9,24901.85,24944.8,0.25279419979984574,0,0,0.51,Weak
support,22084.45,2024-04-18 13:45:00,1006,1007,22084.45,22091.75,22094.4,22140.65,0.2544776981088536,0,0,0.51,Weak
support,22353.5,2025-04-09 11:15:00,1620,1621,22353.5,22368.7,22374.55,22408.4,0.24559912317982177,0,0,0.49,Weak
support,21996.5,2025-04-07 14:45:00,1582,1583,21996.5,22001.25,22000.2,22046.5,0.2273088900506899,0,0,0.45,Weak
support,25024.3,2025-10-09 10:15:00,1954,1955,25024.3,25032.75,25041.8,25078.45,0.2163896692415031,0,0,0.43,Weak
support,25620.45,2025-10-17 13:45:00,2123,2124,25620.45,25632.85,25663.2,25673.9,0.20862240905214674,0,0,0.42,Weak
support,22762.0,2025-04-11 14:30:00,1659,1660,22762.0,22770.85,22769.8,22804.75,0.18781302170283806,0,0,0.38,Weak
support,17553.95,2023-04-21 13:15:00,328,329,17553.95,17561.25,17561.05,17586.5,0.1854283508839849,0,0,0.37,Weak
support,24617.7,2025-10-01 10:15:00,1824,1825,24617.7,24645.05,24659.95,24663.45,0.1858418942468224,0,0,0.37,Weak
support,24748.15,2025-10-03 09:30:00,1847,1848,24748.15,24757.5,24779.5,24789.1,0.16546691368848615,0,0,0.33,Weak
support,25826.25,2025-10-21 14:45:00,2179,2180,25826.8,25826.25,25833.3,25868.6,0.16398044625138586,0,0,0.33,Weak
support,25209.1,2025-10-15 10:00:00,2056,2057,25209.1,25212.35,25216.55,25251.25,0.16720152643292088,0,0,0.33,Weak
support,25287.1,2025-10-15 15:00:00,2076,2077,25287.1,25303.65,25316.0,25327.95,0.1615448192952224,0,0,0.32,Weak
support,25065.65,2025-10-14 13:15:00,2043,2044,25065.65,25079.55,25084.05,25100.9,0.140630703771895,0,0,0.28,Weak
support,22517.15,2025-04-08 15:15:00,1610,1611,22517.15,22517.95,22528.4,22547.2,0.13345383407757763,0,0,0.27,Weak
support,24649.4,2025-10-01 10:45:00,1826,1827,24661.1,24649.4,24662.75,24681.2,0.12900922537667964,0,0,0.26,Weak
support,17237.6,2023-03-31 11:15:00,8,9,17237.6,17242.1,17245.5,17259.0,0.1241472130691132,0,0,0.25,Weak
support,17312.9,2023-04-03 11:30:00,35,36,17315.55,17312.9,17317.9,17330.8,0.10339111298510253,0,0,0.21,Weak
support,22934.8,2025-04-04 13:15:00,1550,1551,22937.2,22934.8,22938.05,22953.2,0.08022742731570127,0,0,0.16,Weak
support,25862.6,2025-10-23 15:15:00,2207,2208,25863.5,25862.6,25865.35,25870.3,0.029772722000111076,0,0,0.06,Weak
