datetime,open,high,low,close,volume,stock_code,exchange_code
2023-03-31 09:15:00,17210.35,17289.1,17209.45,17256.9,0,NIFTY,NSE
2023-03-31 10:15:00,17256.35,17269.6,17233.65,17245.5,0,NIFTY,NSE
2023-03-31 11:15:00,17245.1,17291.95,17242.1,17278.7,0,NIFTY,NSE
2023-03-31 12:15:00,17279.0,17325.4,17268.65,17316.65,19078079,NIFTY,NSE
2023-03-31 13:15:00,17317.5,17365.55,17312.4,17360.8,8949951,NIFTY,NSE
2023-03-31 14:15:00,17361.75,17381.3,17344.15,17363.2,0,NIFTY,NSE
2023-03-31 15:15:00,17362.65,17367.5,17337.7,17356.85,0,NIFTY,NSE
2023-04-03 09:15:00,17427.95,17427.95,17325.8,17367.9,0,NIFTY,NSE
2023-04-03 10:15:00,17368.2,17378.45,17321.9,17324.3,0,NIFTY,NSE
2023-04-03 11:15:00,17324.25,17363.6,17312.9,17351.65,0,NIFTY,NSE
2023-04-03 12:15:00,17351.6,17368.75,17336.15,17348.25,23715692,NIFTY,NSE
2023-04-03 13:15:00,17348.15,17372.6,17338.45,17371.75,5210799,NIFTY,NSE
2023-04-03 14:15:00,17371.25,17404.55,17356.75,17404.1,0,NIFTY,NSE
2023-04-03 15:15:00,17403.85,17410.25,17393.55,17399.7,0,NIFTY,NSE
2023-04-05 09:15:00,17422.3,17492.5,17412.15,17491.65,0,NIFTY,NSE
2023-04-05 10:15:00,17491.15,17513.8,17478.15,17485.95,0,NIFTY,NSE
2023-04-05 11:15:00,17485.75,17515.55,17482.25,17509.85,0,NIFTY,NSE
2023-04-05 12:15:00,17510.3,17545.15,17499.05,17537.45,19927953,NIFTY,NSE
2023-04-05 13:15:00,17537.35,17544.7,17513.9,17536.8,6050224,NIFTY,NSE
2023-04-05 14:15:00,17536.55,17561.95,17525.9,17552.55,0,NIFTY,NSE
2023-04-05 15:15:00,17554.15,17570.0,17549.85,17561.0,0,NIFTY,NSE
2023-04-06 09:15:00,17533.85,17600.55,17503.6,17588.5,0,NIFTY,NSE
2023-04-06 10:15:00,17588.8,17619.55,17577.6,17618.25,0,NIFTY,NSE
2023-04-06 11:15:00,17617.5,17621.35,17580.8,17602.3,0,NIFTY,NSE
2023-04-06 12:15:00,17602.5,17638.7,17597.65,17618.45,20931262,NIFTY,NSE
2023-04-06 13:15:00,17618.35,17621.35,17552.0,17575.6,6655988,NIFTY,NSE
2023-04-06 14:15:00,17576.0,17613.0,17568.7,17591.35,0,NIFTY,NSE
2023-04-06 15:15:00,17591.9,17608.35,17590.65,17602.0,0,NIFTY,NSE
2023-04-10 09:15:00,17634.9,17660.45,17608.9,17630.0,0,NIFTY,NSE
2023-04-10 10:15:00,17630.5,17641.8,17606.2,17640.0,0,NIFTY,NSE
2023-04-10 11:15:00,17639.05,17678.3,17626.8,17672.1,0,NIFTY,NSE
2023-04-10 12:15:00,17672.0,17694.1,17666.95,17667.5,21163635,NIFTY,NSE
2023-04-10 13:15:00,17667.8,17674.15,17622.95,17626.5,8077744,NIFTY,NSE
2023-04-10 14:15:00,17626.75,17637.7,17598.25,17621.3,0,NIFTY,NSE
2023-04-10 15:15:00,17621.35,17627.85,17608.65,17613.05,0,NIFTY,NSE
2023-04-11 09:15:00,17704.8,17748.6,17669.0,17741.55,0,NIFTY,NSE
2023-04-11 10:15:00,17743.4,17745.3,17701.75,17704.25,0,NIFTY,NSE
2023-04-11 11:15:00,17705.0,17714.85,17668.35,17675.65,0,NIFTY,NSE
2023-04-11 12:15:00,17675.25,17688.6,17655.3,17667.6,26748639,NIFTY,NSE
2023-04-11 13:15:00,17668.35,17720.7,17665.45,17713.65,7817504,NIFTY,NSE
2023-04-11 14:15:00,17713.65,17729.85,17700.45,17728.15,0,NIFTY,NSE
2023-04-11 15:15:00,17727.9,17733.95,17713.05,17722.25,0,NIFTY,NSE
2023-04-12 09:15:00,17759.55,17779.4,17717.8,17751.55,0,NIFTY,NSE
2023-04-12 10:15:00,17751.8,17764.25,17735.2,17754.35,0,NIFTY,NSE
2023-04-12 11:15:00,17753.9,17773.15,17750.7,17761.75,0,NIFTY,NSE
2023-04-12 12:15:00,17760.8,17795.95,17760.8,17792.35,17962083,NIFTY,NSE
2023-04-12 13:15:00,17792.25,17819.05,17792.15,17807.05,9278760,NIFTY,NSE
2023-04-12 14:15:00,17806.65,17814.3,17767.25,17811.9,0,NIFTY,NSE
2023-04-12 15:15:00,17812.35,17824.3,17809.2,17817.9,0,NIFTY,NSE
2023-04-13 09:15:00,17807.3,17827.25,17771.4,17792.4,0,NIFTY,NSE
2023-04-13 10:15:00,17792.3,17805.7,17740.8,17747.6,0,NIFTY,NSE
2023-04-13 11:15:00,17746.9,17770.1,17736.75,17746.6,0,NIFTY,NSE
2023-04-13 12:15:00,17745.6,17777.6,17729.65,17750.0,21422022,NIFTY,NSE
2023-04-13 13:15:00,17749.9,17793.5,17744.9,17780.6,8920737,NIFTY,NSE
2023-04-13 14:15:00,17780.55,17837.4,17779.95,17836.55,0,NIFTY,NSE
2023-04-13 15:15:00,17836.6,17841.5,17826.4,17828.15,0,NIFTY,NSE
2023-04-17 09:15:00,17863.0,17863.0,17574.35,17610.3,0,NIFTY,NSE
2023-04-17 10:15:00,17609.9,17676.55,17609.45,17640.95,0,NIFTY,NSE
2023-04-17 11:15:00,17640.95,17666.95,17639.85,17657.2,0,NIFTY,NSE
2023-04-17 12:15:00,17656.7,17693.35,17654.65,17671.25,24313311,NIFTY,NSE
2023-04-17 13:15:00,17671.05,17689.15,17654.15,17688.2,8646325,NIFTY,NSE
2023-04-17 14:15:00,17688.15,17716.9,17670.3,17711.3,0,NIFTY,NSE
2023-04-17 15:15:00,17711.65,17715.2,17699.3,17704.1,0,NIFTY,NSE
2023-04-18 09:15:00,17766.6,17766.6,17663.2,17670.35,0,NIFTY,NSE
2023-04-18 10:15:00,17670.25,17696.35,17651.15,17681.8,0,NIFTY,NSE
2023-04-18 11:15:00,17681.9,17688.25,17659.4,17682.15,0,NIFTY,NSE
2023-04-18 12:15:00,17682.6,17709.85,17679.2,17690.1,20439842,NIFTY,NSE
2023-04-18 13:15:00,17690.15,17690.15,17610.75,17636.4,7196800,NIFTY,NSE
2023-04-18 14:15:00,17636.3,17673.6,17623.9,17656.1,0,NIFTY,NSE
2023-04-18 15:15:00,17655.9,17663.3,17650.05,17661.55,0,NIFTY,NSE
2023-04-19 09:15:00,17653.35,17658.35,17612.55,17628.95,0,NIFTY,NSE
2023-04-19 10:15:00,17629.5,17652.05,17626.75,17649.6,0,NIFTY,NSE
2023-04-19 11:15:00,17648.05,17662.9,17631.05,17654.25,0,NIFTY,NSE
2023-04-19 12:15:00,17654.55,17666.15,17631.5,17633.65,22583825,NIFTY,NSE
2023-04-19 13:15:00,17633.8,17635.95,17580.0,17595.55,6569786,NIFTY,NSE
2023-04-19 14:15:00,17594.9,17632.85,17588.45,17628.6,0,NIFTY,NSE
2023-04-19 15:15:00,17628.1,17629.35,17606.45,17610.2,0,NIFTY,NSE
2023-04-20 09:15:00,17638.6,17683.75,17615.2,17628.2,0,NIFTY,NSE
2023-04-20 10:15:00,17628.2,17642.9,17590.35,17610.95,0,NIFTY,NSE
2023-04-20 11:15:00,17611.35,17632.8,17610.95,17620.55,0,NIFTY,NSE
2023-04-20 12:15:00,17619.4,17627.95,17586.1,17597.85,20863881,NIFTY,NSE
2023-04-20 13:15:00,17597.95,17609.4,17584.5,17594.75,7287688,NIFTY,NSE
2023-04-20 14:15:00,17594.6,17634.2,17593.65,17634.2,0,NIFTY,NSE
2023-04-20 15:15:00,17633.9,17634.4,17620.05,17623.9,0,NIFTY,NSE
2023-04-21 09:15:00,17639.75,17662.5,17605.7,17617.65,0,NIFTY,NSE
2023-04-21 10:15:00,17616.75,17620.0,17589.5,17609.25,0,NIFTY,NSE
2023-04-21 11:15:00,17609.75,17612.9,17591.2,17595.35,0,NIFTY,NSE
2023-04-21 12:15:00,17595.45,17598.3,17553.95,17561.05,20318601,NIFTY,NSE
2023-04-21 13:15:00,17561.75,17614.15,17561.25,17599.85,4895748,NIFTY,NSE
2023-04-21 14:15:00,17600.7,17637.55,17596.65,17632.5,0,NIFTY,NSE
2023-04-21 15:15:00,17631.55,17631.55,17611.15,17618.9,0,NIFTY,NSE
2023-10-04 09:15:00,19446.3,19450.75,19375.7,19392.95,0,NIFTY,NSE
2023-10-04 10:15:00,19392.6,19429.1,19385.3,19420.25,0,NIFTY,NSE
2023-10-04 11:15:00,19420.85,19424.55,19355.6,19370.7,0,NIFTY,NSE
2023-10-04 12:15:00,19370.8,19378.95,19334.55,19357.0,0,NIFTY,NSE
2023-10-04 13:15:00,19357.3,19388.1,19343.1,19383.7,0,NIFTY,NSE
2023-10-04 14:15:00,19383.4,19446.7,19379.2,19444.55,0,NIFTY,NSE
2023-10-04 15:15:00,19444.35,19452.15,19435.0,19446.15,0,NIFTY,NSE
2023-10-05 09:15:00,19521.85,19547.55,19510.85,19525.05,0,NIFTY,NSE
2023-10-05 10:15:00,19524.55,19573.35,19487.95,19571.55,0,NIFTY,NSE
2023-10-05 11:15:00,19571.7,19576.45,19545.3,19554.8,0,NIFTY,NSE
2023-10-05 12:15:00,19554.05,19554.2,19519.7,19529.35,0,NIFTY,NSE
2023-10-05 13:15:00,19529.15,19560.35,19523.0,19551.6,0,NIFTY,NSE
2023-10-05 14:15:00,19550.05,19564.75,19532.4,19540.2,0,NIFTY,NSE
2023-10-05 15:15:00,19539.35,19553.9,19538.3,19546.6,0,NIFTY,NSE
2023-10-06 09:15:00,19621.2,19621.2,19589.7,19603.45,0,NIFTY,NSE
2023-10-06 10:15:00,19602.45,19658.0,19593.2,19642.45,0,NIFTY,NSE
2023-10-06 11:15:00,19643.55,19644.15,19604.35,19624.75,0,NIFTY,NSE
2023-10-06 12:15:00,19624.35,19649.95,19613.25,19648.4,0,NIFTY,NSE
2023-10-06 13:15:00,19647.25,19668.4,19645.25,19664.8,0,NIFTY,NSE
2023-10-06 14:15:00,19664.9,19674.9,19647.65,19660.25,0,NIFTY,NSE
2023-10-06 15:15:00,19660.95,19662.15,19640.5,19649.9,0,NIFTY,NSE
2023-10-09 09:15:00,19539.45,19587.35,19480.9,19574.7,0,NIFTY,NSE
2023-10-09 10:15:00,19573.95,19588.6,19544.55,19558.2,0,NIFTY,NSE
2023-10-09 11:15:00,19558.6,19569.45,19548.2,19551.65,0,NIFTY,NSE
2023-10-09 12:15:00,19551.5,19553.85,19503.25,19510.55,0,NIFTY,NSE
2023-10-09 13:15:00,19510.15,19534.25,19507.15,19513.2,0,NIFTY,NSE
2023-10-09 14:15:00,19514.4,19540.9,19498.2,19512.7,0,NIFTY,NSE
2023-10-09 15:15:00,19512.35,19513.3,19495.65,19497.5,0,NIFTY,NSE
2023-10-10 09:15:00,19565.6,19619.1,19565.6,19617.7,0,NIFTY,NSE
2023-10-10 10:15:00,19618.15,19627.0,19608.25,19622.8,0,NIFTY,NSE
2023-10-10 11:15:00,19622.8,19657.0,19611.7,19652.45,0,NIFTY,NSE
2023-10-10 12:15:00,19652.5,19685.75,19644.35,19676.5,0,NIFTY,NSE
2023-10-10 13:15:00,19676.65,19707.45,19673.25,19696.05,0,NIFTY,NSE
2023-10-10 14:15:00,19696.4,19717.1,19683.7,19688.3,0,NIFTY,NSE
2023-10-10 15:15:00,19689.1,19695.75,19682.9,19691.5,0,NIFTY,NSE
2023-10-11 09:15:00,19767.0,19831.5,19762.45,19810.4,0,NIFTY,NSE
2023-10-11 10:15:00,19810.3,19838.9,19802.0,19808.35,0,NIFTY,NSE
2023-10-11 11:15:00,19806.75,19823.15,19800.2,19809.85,0,NIFTY,NSE
2023-10-11 12:15:00,19810.35,19818.6,19782.05,19814.85,0,NIFTY,NSE
2023-10-11 13:15:00,19814.25,19815.95,19788.7,19803.2,0,NIFTY,NSE
2023-10-11 14:15:00,19803.9,19828.45,19796.4,19809.85,0,NIFTY,NSE
2023-10-11 15:15:00,19809.8,19812.15,19803.1,19808.5,0,NIFTY,NSE
2023-10-12 09:15:00,19822.7,19841.8,19773.65,19794.95,0,NIFTY,NSE
2023-10-12 10:15:00,19795.45,19827.45,19778.3,19824.45,0,NIFTY,NSE
2023-10-12 11:15:00,19824.5,19833.35,19803.45,19819.85,0,NIFTY,NSE
2023-10-12 12:15:00,19820.6,19825.6,19796.75,19802.3,0,NIFTY,NSE
2023-10-12 13:15:00,19801.85,19817.85,19793.7,19803.05,0,NIFTY,NSE
2023-10-12 14:15:00,19801.7,19807.3,19777.1,19799.2,0,NIFTY,NSE
2023-10-12 15:15:00,19799.85,19802.5,19779.75,19782.9,0,NIFTY,NSE
2023-10-13 09:15:00,19654.55,19736.25,19648.7,19692.55,0,NIFTY,NSE
2023-10-13 10:15:00,19693.3,19704.0,19670.55,19678.85,0,NIFTY,NSE
2023-10-13 11:15:00,19678.35,19702.65,19675.6,19683.2,0,NIFTY,NSE
2023-10-13 12:15:00,19685.5,19749.0,19682.9,19743.95,0,NIFTY,NSE
2023-10-13 13:15:00,19746.1,19783.75,19729.8,19776.6,0,NIFTY,NSE
2023-10-13 14:15:00,19779.7,19804.9,19745.65,19755.6,0,NIFTY,NSE
2023-10-13 15:15:00,19755.55,19756.1,19729.35,19733.75,0,NIFTY,NSE
2023-10-16 09:15:00,19737.25,19754.0,19691.95,19749.3,0,NIFTY,NSE
2023-10-16 10:15:00,19750.0,19767.55,19726.25,19742.45,0,NIFTY,NSE
2023-10-16 11:15:00,19742.35,19780.5,19731.3,19762.0,0,NIFTY,NSE
2023-10-16 12:15:00,19761.05,19781.2,19751.65,19754.7,0,NIFTY,NSE
2023-10-16 13:15:00,19753.7,19771.95,19744.4,19754.2,0,NIFTY,NSE
2023-10-16 14:15:00,19754.45,19771.5,19730.45,19730.45,0,NIFTY,NSE
2023-10-16 15:15:00,19730.85,19731.8,19718.8,19730.95,0,NIFTY,NSE
2023-10-17 09:15:00,19843.2,19843.2,19810.2,19821.35,0,NIFTY,NSE
2023-10-17 10:15:00,19821.75,19841.5,19814.5,19834.55,0,NIFTY,NSE
2023-10-17 11:15:00,19834.0,19836.2,19821.0,19833.65,0,NIFTY,NSE
2023-10-17 12:15:00,19833.0,19848.0,19823.65,19841.6,0,NIFTY,NSE
2023-10-17 13:15:00,19841.25,19848.05,19775.85,19782.3,0,NIFTY,NSE
2023-10-17 14:15:00,19781.6,19821.75,19779.65,19810.4,0,NIFTY,NSE
2023-10-17 15:15:00,19810.1,19823.35,19804.8,19818.35,0,NIFTY,NSE
2023-10-18 09:15:00,19820.45,19840.2,19775.35,19832.7,0,NIFTY,NSE
2023-10-18 10:15:00,19832.7,19836.9,19717.75,19724.9,0,NIFTY,NSE
2023-10-18 11:15:00,19725.25,19751.05,19690.0,19700.8,0,NIFTY,NSE
2023-10-18 12:15:00,19700.6,19710.55,19674.0,19709.65,0,NIFTY,NSE
2023-10-18 13:15:00,19708.8,19725.4,19690.2,19719.45,0,NIFTY,NSE
2023-10-18 14:15:00,19719.35,19719.75,19660.6,19672.05,0,NIFTY,NSE
2023-10-18 15:15:00,19672.05,19672.1,19661.6,19668.45,0,NIFTY,NSE
2023-10-19 09:15:00,19545.2,19592.85,19513.35,19575.4,0,NIFTY,NSE
2023-10-19 10:15:00,19574.3,19591.3,19555.0,19574.85,0,NIFTY,NSE
2023-10-19 11:15:00,19574.2,19664.65,19574.2,19661.3,0,NIFTY,NSE
2023-10-19 12:15:00,19661.0,19664.15,19633.85,19643.7,0,NIFTY,NSE
2023-10-19 13:15:00,19643.05,19681.75,19618.35,19657.65,0,NIFTY,NSE
2023-10-19 14:15:00,19657.7,19660.6,19621.1,19622.1,0,NIFTY,NSE
2023-10-19 15:15:00,19621.95,19631.25,19601.6,19611.9,0,NIFTY,NSE
2023-10-20 09:15:00,19542.15,19593.65,19520.0,19570.6,0,NIFTY,NSE
2023-10-20 10:15:00,19572.35,19578.9,19545.35,19567.25,0,NIFTY,NSE
2023-10-20 11:15:00,19567.65,19575.25,19527.35,19546.95,0,NIFTY,NSE
2023-10-20 12:15:00,19546.75,19557.8,19525.75,19533.6,0,NIFTY,NSE
2023-10-20 13:15:00,19533.1,19566.3,19531.65,19541.05,0,NIFTY,NSE
2023-10-20 14:15:00,19540.85,19555.05,19529.1,19546.4,0,NIFTY,NSE
2023-10-20 15:15:00,19546.45,19546.5,19526.5,19541.75,0,NIFTY,NSE
2024-03-28 09:15:00,22163.6,22316.65,22163.6,22306.25,0,NIFTY,NSE
2024-03-28 10:15:00,22306.05,22369.35,22278.5,22367.3,0,NIFTY,NSE
2024-03-28 11:15:00,22366.85,22373.0,22321.05,22334.2,0,NIFTY,NSE
2024-03-28 12:15:00,22334.15,22434.2,22327.5,22408.65,0,NIFTY,NSE
2024-03-28 13:15:00,22409.8,22473.75,22405.95,22467.95,0,NIFTY,NSE
2024-03-28 14:15:00,22468.05,22513.2,22264.95,22268.9,0,NIFTY,NSE
2024-03-28 15:15:00,22270.2,22343.7,22264.65,22343.1,0,NIFTY,NSE
2024-04-01 09:15:00,22455.0,22529.1,22455.0,22503.65,0,NIFTY,NSE
2024-04-01 10:15:00,22503.8,22512.75,22453.3,22479.45,0,NIFTY,NSE
2024-04-01 11:15:00,22479.8,22491.5,22459.7,22462.2,0,NIFTY,NSE
2024-04-01 12:15:00,22461.95,22483.25,22427.85,22445.75,0,NIFTY,NSE
2024-04-01 13:15:00,22445.8,22473.3,22445.05,22454.5,0,NIFTY,NSE
2024-04-01 14:15:00,22456.1,22467.5,22433.5,22464.05,0,NIFTY,NSE
2024-04-01 15:15:00,22465.6,22477.7,22456.5,22469.05,0,NIFTY,NSE
2024-04-02 09:15:00,22458.8,22496.9,22415.9,22433.6,0,NIFTY,NSE
2024-04-02 10:15:00,22434.0,22448.35,22389.15,22432.4,0,NIFTY,NSE
2024-04-02 11:15:00,22430.4,22445.15,22413.95,22424.5,0,NIFTY,NSE
2024-04-02 12:15:00,22424.15,22432.15,22408.2,22409.05,0,NIFTY,NSE
2024-04-02 13:15:00,22409.65,22423.15,22393.05,22414.0,0,NIFTY,NSE
2024-04-02 14:15:00,22414.15,22461.55,22410.1,22452.3,0,NIFTY,NSE
2024-04-02 15:15:00,22451.45,22470.3,22450.95,22464.3,0,NIFTY,NSE
2024-04-03 09:15:00,22385.7,22457.1,22347.8,22448.6,0,NIFTY,NSE
2024-04-03 10:15:00,22448.15,22466.05,22419.1,22447.7,0,NIFTY,NSE
2024-04-03 11:15:00,22447.6,22480.3,22445.1,22479.0,0,NIFTY,NSE
2024-04-03 12:15:00,22479.75,22520.9,22471.75,22485.3,0,NIFTY,NSE
2024-04-03 13:15:00,22484.5,22508.75,22459.1,22494.95,0,NIFTY,NSE
2024-04-03 14:15:00,22494.95,22500.75,22423.45,22430.7,0,NIFTY,NSE
2024-04-03 15:15:00,22430.75,22447.1,22423.5,22445.55,0,NIFTY,NSE
2024-04-04 09:15:00,22592.1,22603.6,22376.1,22376.1,0,NIFTY,NSE
2024-04-04 10:15:00,22373.75,22450.3,22307.45,22417.45,0,NIFTY,NSE
2024-04-04 11:15:00,22419.35,22429.05,22350.85,22385.3,0,NIFTY,NSE
2024-04-04 12:15:00,22385.45,22491.35,22377.0,22481.05,0,NIFTY,NSE
2024-04-04 13:15:00,22481.45,22580.2,22470.4,22530.3,0,NIFTY,NSE
2024-04-04 14:15:00,22529.6,22568.1,22486.7,22507.25,0,NIFTY,NSE
2024-04-04 15:15:00,22506.65,22553.95,22506.65,22541.2,0,NIFTY,NSE
2024-04-05 09:15:00,22486.4,22502.45,22429.0,22474.6,0,NIFTY,NSE
2024-04-05 10:15:00,22473.9,22514.65,22458.95,22514.4,0,NIFTY,NSE
2024-04-05 11:15:00,22514.8,22516.85,22473.05,22498.85,0,NIFTY,NSE
2024-04-05 12:15:00,22498.8,22511.85,22475.7,22484.85,0,NIFTY,NSE
2024-04-05 13:15:00,22485.05,22528.35,22479.1,22504.05,0,NIFTY,NSE
2024-04-05 14:15:00,22504.4,22521.1,22487.25,22515.45,0,NIFTY,NSE
2024-04-05 15:15:00,22514.4,22536.6,22501.5,22523.4,0,NIFTY,NSE
2024-04-08 09:15:00,22580.25,22630.45,22550.35,22626.25,0,NIFTY,NSE
2024-04-08 10:15:00,22627.15,22634.05,22605.9,22623.85,0,NIFTY,NSE
2024-04-08 11:15:00,22624.35,22656.25,22622.3,22653.25,0,NIFTY,NSE
2024-04-08 12:15:00,22653.65,22696.05,22651.15,22695.25,0,NIFTY,NSE
2024-04-08 13:15:00,22695.35,22696.95,22634.15,22660.9,0,NIFTY,NSE
2024-04-08 14:15:00,22661.0,22688.25,22655.45,22671.15,0,NIFTY,NSE
2024-04-08 15:15:00,22671.1,22674.35,22657.85,22661.0,0,NIFTY,NSE
2024-04-09 09:15:00,22760.0,22760.0,22675.45,22749.05,0,NIFTY,NSE
2024-04-09 10:15:00,22749.25,22768.35,22727.2,22729.65,0,NIFTY,NSE
2024-04-09 11:15:00,22729.6,22757.5,22708.85,22720.5,0,NIFTY,NSE
2024-04-09 12:15:00,22720.1,22727.5,22669.1,22683.55,0,NIFTY,NSE
2024-04-09 13:15:00,22683.05,22685.85,22616.8,22617.5,0,NIFTY,NSE
2024-04-09 14:15:00,22618.8,22671.9,22613.15,22641.55,0,NIFTY,NSE
2024-04-09 15:15:00,22642.05,22652.7,22639.15,22642.05,0,NIFTY,NSE
2024-04-10 09:15:00,22720.25,22727.1,22679.45,22707.3,0,NIFTY,NSE
2024-04-10 10:15:00,22706.75,22720.05,22690.35,22706.3,0,NIFTY,NSE
2024-04-10 11:15:00,22706.2,22708.45,22674.55,22706.4,0,NIFTY,NSE
2024-04-10 12:15:00,22705.9,22721.15,22691.4,22715.1,0,NIFTY,NSE
2024-04-10 13:15:00,22714.9,22744.75,22709.8,22721.65,0,NIFTY,NSE
2024-04-10 14:15:00,22721.3,22775.7,22718.3,22752.65,0,NIFTY,NSE
2024-04-10 15:15:00,22752.0,22755.65,22730.6,22732.85,0,NIFTY,NSE
2024-04-12 09:15:00,22683.95,22726.15,22626.5,22641.7,0,NIFTY,NSE
2024-04-12 10:15:00,22642.3,22666.75,22627.65,22657.85,0,NIFTY,NSE
2024-04-12 11:15:00,22657.7,22698.2,22656.1,22687.95,0,NIFTY,NSE
2024-04-12 12:15:00,22688.05,22690.3,22545.65,22568.05,0,NIFTY,NSE
2024-04-12 13:15:00,22568.5,22591.5,22539.2,22544.7,0,NIFTY,NSE
2024-04-12 14:15:00,22544.95,22563.75,22511.1,22515.85,0,NIFTY,NSE
2024-04-12 15:15:00,22515.8,22524.05,22503.85,22519.4,0,NIFTY,NSE
2024-04-15 09:15:00,22356.7,22376.6,22263.75,22360.3,0,NIFTY,NSE
2024-04-15 10:15:00,22360.65,22426.55,22344.85,22361.9,0,NIFTY,NSE
2024-04-15 11:15:00,22361.45,22399.45,22355.9,22398.85,0,NIFTY,NSE
2024-04-15 12:15:00,22399.0,22404.05,22321.6,22338.3,0,NIFTY,NSE
2024-04-15 13:15:00,22339.0,22354.3,22320.9,22334.15,0,NIFTY,NSE
2024-04-15 14:15:00,22334.3,22343.25,22260.1,22270.0,0,NIFTY,NSE
2024-04-15 15:15:00,22271.5,22291.3,22262.55,22277.45,0,NIFTY,NSE
2024-04-16 09:15:00,22136.35,22213.5,22107.95,22191.4,0,NIFTY,NSE
2024-04-16 10:15:00,22190.65,22209.4,22156.7,22201.05,0,NIFTY,NSE
2024-04-16 11:15:00,22201.55,22209.05,22149.95,22169.75,0,NIFTY,NSE
2024-04-16 12:15:00,22169.4,22173.2,22100.65,22100.65,0,NIFTY,NSE
2024-04-16 13:15:00,22100.9,22154.3,22079.7,22143.05,0,NIFTY,NSE
2024-04-16 14:15:00,22142.65,22169.75,22108.7,22168.9,0,NIFTY,NSE
2024-04-16 15:15:00,22168.3,22180.05,22153.8,22177.45,0,NIFTY,NSE
2024-04-18 09:15:00,22228.75,22270.65,22164.85,22178.15,43924105,NIFTY,NSE
2024-04-18 10:15:00,22176.9,22295.2,22155.0,22283.0,0,NIFTY,NSE
2024-04-18 11:15:00,22283.7,22308.35,22264.3,22292.15,0,NIFTY,NSE
2024-04-18 12:15:00,22292.35,22326.25,22282.2,22291.45,0,NIFTY,NSE
2024-04-18 13:15:00,22291.05,22305.4,22082.55,22137.85,0,NIFTY,NSE
2024-04-18 14:15:00,22139.0,22171.3,21962.5,21965.65,0,NIFTY,NSE
2024-04-18 15:15:00,21966.05,22046.75,21962.0,22045.75,0,NIFTY,NSE
2024-04-19 09:15:00,21839.95,21901.65,21777.65,21884.75,53820247,,NSE
2024-04-19 10:15:00,21886.15,21889.85,21850.2,21870.7,0,,NSE
2024-04-19 11:15:00,21871.5,21935.95,21866.7,21934.2,0,,NSE
2024-04-19 12:15:00,21934.0,22052.5,21926.75,22044.9,0,,NSE
2024-04-19 13:15:00,22044.9,22177.7,22009.65,22149.8,0,,NSE
2024-04-19 14:15:00,22149.2,22179.3,22100.6,22162.3,0,,NSE
2024-04-19 15:15:00,22163.1,22166.0,22129.05,22149.7,0,,NSE
2024-04-22 09:15:00,22336.9,22336.9,22198.35,22246.55,0,,NSE
2024-04-22 10:15:00,22246.05,22297.4,22229.55,22283.85,0,,NSE
2024-04-22 11:15:00,22283.7,22312.1,22273.6,22285.25,0,,NSE
2024-04-22 12:15:00,22286.7,22299.65,22257.5,22273.45,0,,NSE
2024-04-22 13:15:00,22273.8,22302.05,22258.25,22292.0,0,,NSE
2024-04-22 14:15:00,22292.35,22349.35,22272.9,22347.05,0,,NSE
2024-04-22 15:15:00,22347.4,22375.25,22334.9,22365.45,0,,NSE
2024-04-23 09:15:00,22416.95,22431.25,22368.8,22417.65,0,,NSE
2024-04-23 10:15:00,22417.45,22419.4,22356.5,22381.4,0,,NSE
2024-04-23 11:15:00,22382.25,22423.25,22378.7,22420.8,0,,NSE
2024-04-23 12:15:00,22420.75,22423.6,22369.15,22382.45,0,,NSE
2024-04-23 13:15:00,22382.15,22405.3,22358.4,22396.45,0,,NSE
2024-04-23 14:15:00,22396.5,22412.6,22359.2,22377.5,0,,NSE
2024-04-23 15:15:00,22378.95,22378.95,22350.15,22361.0,0,,NSE
2024-04-24 09:15:00,22425.8,22449.9,22401.05,22435.1,0,,NSE
2024-04-24 10:15:00,22436.4,22475.9,22435.9,22459.25,0,,NSE
2024-04-24 11:15:00,22458.75,22468.1,22438.3,22459.95,0,,NSE
2024-04-24 12:15:00,22460.1,22463.3,22432.95,22448.9,0,,NSE
2024-04-24 13:15:00,22447.75,22458.95,22437.85,22449.4,0,,NSE
2024-04-24 14:15:00,22449.6,22453.15,22384.8,22401.75,0,,NSE
2024-04-24 15:15:00,22401.65,22414.95,22397.1,22412.2,0,,NSE
2024-04-25 09:15:00,22325.35,22457.95,22308.3,22457.15,0,,NSE
2024-04-25 10:15:00,22454.2,22474.6,22339.75,22434.75,0,,NSE
2024-04-25 11:15:00,22433.15,22435.35,22381.65,22396.7,0,,NSE
2024-04-25 12:15:00,22397.8,22462.9,22380.4,22452.15,0,,NSE
2024-04-25 13:15:00,22452.9,22599.5,22428.9,22577.25,0,,NSE
2024-04-25 14:15:00,22576.4,22624.75,22566.55,22570.25,0,,NSE
2024-04-25 15:15:00,22571.05,22576.1,22549.4,22559.25,0,,NSE
2024-04-26 09:15:00,22615.25,22615.5,22517.8,22538.15,0,,NSE
2024-04-26 10:15:00,22537.3,22555.5,22507.95,22515.9,0,,NSE
2024-04-26 11:15:00,22517.4,22550.45,22511.05,22524.75,0,,NSE
2024-04-26 12:15:00,22523.65,22530.45,22491.25,22509.95,0,,NSE
2024-04-26 13:15:00,22508.35,22512.75,22420.25,22445.25,0,,NSE
2024-04-26 14:15:00,22446.45,22464.3,22386.0,22408.25,0,,NSE
2024-04-26 15:15:00,22408.25,22461.6,22408.25,22450.2,0,,NSE
2024-04-29 09:15:00,22488.4,22531.9,22442.05,22480.6,0,,NSE
2024-04-29 10:15:00,22482.75,22546.8,22478.7,22536.85,0,,NSE
2024-04-29 11:15:00,22536.35,22571.45,22525.6,22558.7,0,,NSE
2024-04-29 12:15:00,22555.8,22579.85,22546.7,22575.8,0,,NSE
2024-04-29 13:15:00,22575.8,22622.65,22566.05,22611.15,0,,NSE
2024-04-29 14:15:00,22611.6,22655.65,22599.55,22653.05,0,,NSE
2024-04-29 15:15:00,22653.3,22653.75,22626.45,22633.15,0,,NSE
2024-04-30 09:15:00,22684.2,22754.3,22663.45,22727.25,0,,NSE
2024-04-30 10:15:00,22729.7,22768.8,22709.75,22734.3,0,,NSE
2024-04-30 11:15:00,22735.25,22750.75,22721.15,22745.25,0,,NSE
2024-04-30 12:15:00,22745.25,22756.1,22706.55,22714.7,0,,NSE
2024-04-30 13:15:00,22715.0,22779.0,22707.8,22768.05,0,,NSE
2024-04-30 14:15:00,22767.35,22782.95,22601.3,22603.55,0,,NSE
2024-04-30 15:15:00,22602.45,22603.8,22568.95,22587.75,0,,NSE
2024-05-14 13:15:00,22230.75,22269.95,22222.8,22250.85,0,,NSE
2024-05-14 14:15:00,22250.7,22266.4,22195.4,22222.05,0,,NSE
2024-05-14 15:15:00,22221.1,22226.95,22214.3,22223.8,0,,NSE
2024-05-15 09:15:00,22264.0,22297.5,22170.8,22189.6,0,,NSE
2024-05-15 10:15:00,22190.4,22254.9,22152.35,22230.35,0,,NSE
2024-05-15 11:15:00,22230.45,22239.25,22164.5,22204.05,0,,NSE
2024-05-15 12:15:00,22203.85,22217.3,22175.55,22191.9,0,,NSE
2024-05-15 13:15:00,22191.2,22225.8,22164.3,22211.45,0,,NSE
2024-05-15 14:15:00,22210.4,22233.55,22182.15,22205.05,0,,NSE
2024-05-15 15:15:00,22203.45,22214.95,22188.9,22210.4,0,,NSE
2024-05-16 09:15:00,22306.45,22329.6,22217.15,22244.45,0,,NSE
2024-05-16 10:15:00,22244.7,22250.75,22128.5,22147.1,0,,NSE
2024-05-16 11:15:00,22146.75,22290.35,22106.6,22289.5,0,,NSE
2024-05-16 12:15:00,22291.15,22303.55,22105.05,22128.15,0,,NSE
2024-05-16 13:15:00,22128.55,22137.2,22054.9,22065.5,0,,NSE
2024-05-16 14:15:00,22065.1,22407.8,22060.45,22403.25,0,,NSE
2024-05-16 15:15:00,22403.45,22430.8,22388.8,22392.35,0,,NSE
2024-05-17 09:15:00,22424.55,22426.25,22346.1,22391.8,0,,NSE
2024-05-17 10:15:00,22390.85,22473.5,22382.75,22469.3,0,,NSE
2024-05-17 11:15:00,22469.2,22490.7,22441.5,22458.1,0,,NSE
2024-05-17 12:15:00,22458.55,22486.45,22441.45,22474.6,0,,NSE
2024-05-17 13:15:00,22474.0,22501.25,22455.8,22482.1,0,,NSE
2024-05-17 14:15:00,22483.1,22491.55,22443.5,22474.4,0,,NSE
2024-05-17 15:15:00,22473.4,22485.75,22461.0,22465.55,0,,NSE
2024-05-18 09:15:00,22519.75,22519.75,22470.15,22481.9,0,,NSE
2024-05-18 10:15:00,22481.9,22481.9,22481.9,22481.9,0,,NSE
2024-05-18 11:15:00,22481.9,22520.0,22037.4,22506.75,0,,NSE
2024-05-18 12:15:00,22507.0,22511.8,22496.5,22502.0,0,,NSE
2024-05-18 13:15:00,22502.0,22502.0,22502.0,22502.0,0,,NSE
2024-05-21 09:15:00,22448.6,22508.85,22440.9,22465.7,0,,NSE
2024-05-21 10:15:00,22465.75,22507.75,22454.1,22503.85,0,,NSE
2024-05-21 11:15:00,22503.8,22547.6,22498.35,22546.3,0,,NSE
2024-05-21 12:15:00,22546.45,22590.75,22524.75,22573.75,0,,NSE
2024-05-21 13:15:00,22573.05,22578.5,22531.75,22535.5,0,,NSE
2024-05-21 14:15:00,22535.65,22551.85,22506.15,22525.35,0,,NSE
2024-05-21 15:15:00,22526.15,22530.15,22498.25,22507.55,0,,NSE
2024-05-22 09:15:00,22570.65,22574.25,22483.45,22558.4,0,,NSE
2024-05-22 10:15:00,22558.6,22575.55,22527.45,22546.3,0,,NSE
2024-05-22 11:15:00,22546.5,22568.2,22530.4,22564.25,0,,NSE
2024-05-22 12:15:00,22564.2,22586.05,22549.55,22565.1,0,,NSE
2024-05-22 13:15:00,22564.3,22607.85,22559.05,22576.8,0,,NSE
2024-05-22 14:15:00,22575.25,22615.9,22536.55,22597.9,0,,NSE
2024-05-22 15:15:00,22597.65,22627.3,22594.6,22620.5,0,,NSE
2024-05-23 09:15:00,22602.95,22688.85,22577.45,22674.5,0,,NSE
2024-05-23 10:15:00,22674.0,22721.8,22642.45,22696.8,0,,NSE
2024-05-23 11:15:00,22696.75,22768.1,22696.45,22758.85,0,,NSE
2024-05-23 12:15:00,22758.0,22851.7,22756.5,22830.35,0,,NSE
2024-05-23 13:15:00,22830.45,22914.9,22795.85,22914.9,0,,NSE
2024-05-23 14:15:00,22913.2,22988.1,22891.85,22978.65,0,,NSE
2024-05-23 15:15:00,22978.55,22993.4,22947.55,22951.0,0,,NSE
2024-05-24 09:15:00,22928.6,23003.75,22908.25,22919.7,0,,NSE
2024-05-24 10:15:00,22919.45,22984.2,22916.8,22959.55,0,,NSE
2024-05-24 11:15:00,22959.55,22983.6,22954.3,22969.4,0,,NSE
2024-05-24 12:15:00,22970.05,23019.4,22957.5,22991.25,0,,NSE
2024-05-24 13:15:00,22991.25,23019.05,22984.9,23005.85,0,,NSE
2024-05-24 14:15:00,23005.5,23025.15,22927.8,22958.35,0,,NSE
2024-05-24 15:15:00,22959.5,22970.15,22943.25,22952.0,0,,NSE
2024-05-27 09:15:00,23034.65,23042.2,22932.55,22950.9,0,,NSE
2024-05-27 10:15:00,22950.35,23006.65,22941.8,22988.8,0,,NSE
2024-05-27 11:15:00,22988.9,23075.4,22985.8,23067.9,0,,NSE
2024-05-27 12:15:00,23068.0,23110.65,23063.4,23074.85,0,,NSE
2024-05-27 13:15:00,23075.15,23091.85,23047.5,23068.25,0,,NSE
2024-05-27 14:15:00,23068.65,23071.95,22871.6,22938.75,0,,NSE
2024-05-27 15:15:00,22939.1,22960.15,22924.15,22931.05,0,,NSE
2024-05-28 09:15:00,22976.95,22992.3,22926.4,22957.65,0,,NSE
2024-05-28 10:15:00,22957.1,22998.3,22955.6,22968.95,0,,NSE
2024-05-28 11:15:00,22968.75,22975.1,22932.65,22939.25,0,,NSE
2024-05-28 12:15:00,22939.35,22959.3,22889.55,22945.25,0,,NSE
2024-05-28 13:15:00,22944.15,22973.4,22910.65,22926.25,0,,NSE
2024-05-28 14:15:00,22926.7,22937.8,22887.55,22893.0,0,,NSE
2024-05-28 15:15:00,22893.45,22895.9,22858.9,22868.65,0,,NSE
2024-05-29 09:15:00,22782.05,22825.5,22752.75,22757.65,0,,NSE
2024-05-29 10:15:00,22757.8,22768.75,22719.8,22725.25,0,,NSE
2024-05-29 11:15:00,22725.55,22747.7,22705.7,22745.2,0,,NSE
2024-05-29 12:15:00,22744.0,22802.4,22725.9,22764.8,0,,NSE
2024-05-29 13:15:00,22765.0,22792.5,22724.3,22752.35,0,,NSE
2024-05-29 14:15:00,22753.6,22760.9,22686.05,22711.3,0,,NSE
2024-05-29 15:15:00,22710.8,22713.8,22693.35,22705.8,0,,NSE
2024-05-30 09:15:00,22635.2,22704.85,22554.55,22558.5,0,,NSE
2024-05-30 10:15:00,22558.3,22617.85,22555.3,22563.8,0,,NSE
2024-05-30 11:15:00,22563.65,22586.9,22541.0,22567.45,0,,NSE
2024-05-30 12:15:00,22567.1,22602.25,22551.25,22576.4,0,,NSE
2024-05-30 13:15:00,22576.05,22579.0,22518.95,22522.6,0,,NSE
2024-05-30 14:15:00,22523.05,22538.45,22417.8,22478.05,0,,NSE
2024-05-30 15:15:00,22477.9,22560.9,22477.0,22557.1,0,,NSE
2024-05-31 09:15:00,22567.5,22652.8,22533.9,22535.2,0,,NSE
2024-05-31 10:15:00,22533.35,22587.3,22496.0,22528.7,0,,NSE
2024-05-31 11:15:00,22530.6,22560.55,22500.55,22513.25,0,,NSE
2024-05-31 12:15:00,22513.05,22550.5,22504.1,22535.35,0,,NSE
2024-05-31 13:15:00,22535.05,22631.4,22531.65,22605.6,0,,NSE
2024-05-31 14:15:00,22607.8,22609.2,22465.9,22523.55,0,,NSE
2024-05-31 15:15:00,22523.6,22579.45,22513.85,22547.95,0,,NSE
2024-06-11 09:15:00,23278.25,23324.6,23207.2,23312.55,0,,NSE
2024-06-11 10:15:00,23311.8,23347.55,23297.9,23328.5,0,,NSE
2024-06-11 11:15:00,23329.3,23336.8,23303.7,23331.1,0,,NSE
2024-06-11 12:15:00,23330.75,23360.2,23311.05,23331.85,0,,NSE
2024-06-11 13:15:00,23333.55,23389.2,23317.75,23330.2,0,,NSE
2024-06-11 14:15:00,23330.45,23351.85,23260.35,23264.15,0,,NSE
2024-06-11 15:15:00,23264.85,23268.45,23232.0,23261.8,0,,NSE
2024-06-12 09:15:00,23331.8,23419.35,23296.9,23408.65,0,,NSE
2024-06-12 10:15:00,23410.55,23441.7,23383.75,23413.15,0,,NSE
2024-06-12 11:15:00,23412.8,23436.85,23365.0,23414.15,0,,NSE
2024-06-12 12:15:00,23413.25,23423.8,23384.05,23411.4,0,,NSE
2024-06-12 13:15:00,23411.7,23420.8,23336.95,23352.75,0,,NSE
2024-06-12 14:15:00,23352.1,23394.15,23315.6,23323.75,0,,NSE
2024-06-12 15:15:00,23325.25,23329.8,23297.75,23308.4,0,,NSE
2024-06-13 09:15:00,23458.35,23458.35,23364.45,23408.7,0,,NSE
2024-06-13 10:15:00,23408.15,23411.55,23366.05,23367.8,0,,NSE
2024-06-13 11:15:00,23366.8,23414.25,23353.9,23391.85,0,,NSE
2024-06-13 12:15:00,23391.3,23421.1,23380.9,23411.3,0,,NSE
2024-06-13 13:15:00,23410.45,23417.85,23384.1,23393.75,0,,NSE
2024-06-13 14:15:00,23393.75,23407.8,23366.25,23399.0,0,,NSE
2024-06-13 15:15:00,23398.15,23411.2,23396.75,23399.35,0,,NSE
2024-06-14 09:15:00,23458.95,23458.95,23335.15,23437.85,0,,NSE
2024-06-14 10:15:00,23437.45,23459.45,23424.9,23448.9,0,,NSE
2024-06-14 11:15:00,23448.35,23452.5,23428.0,23439.1,0,,NSE
2024-06-14 12:15:00,23439.1,23462.7,23429.55,23459.15,0,,NSE
2024-06-14 13:15:00,23459.35,23463.55,23424.15,23446.35,0,,NSE
2024-06-14 14:15:00,23446.15,23490.1,23442.1,23471.9,0,,NSE
2024-06-14 15:15:00,23472.4,23473.35,23444.6,23454.15,0,,NSE
2024-06-18 09:15:00,23561.2,23578.0,23500.4,23542.35,0,,NSE
2024-06-18 10:15:00,23542.35,23556.2,23512.85,23540.5,0,,NSE
2024-06-18 11:15:00,23541.3,23557.35,23532.05,23533.75,0,,NSE
2024-06-18 12:15:00,23533.9,23541.4,23513.7,23532.35,0,,NSE
2024-06-18 13:15:00,23532.6,23550.1,23523.85,23539.5,0,,NSE
2024-06-18 14:15:00,23539.55,23556.95,23527.95,23555.75,0,,NSE
2024-06-18 15:15:00,23556.2,23572.1,23554.55,23562.3,0,,NSE
2024-06-19 09:15:00,23625.25,23625.25,23523.05,23523.05,0,,NSE
2024-06-19 10:15:00,23523.05,23532.6,23413.2,23503.65,0,,NSE
2024-06-19 11:15:00,23504.0,23556.65,23478.55,23556.35,0,,NSE
2024-06-19 12:15:00,23557.05,23574.2,23527.0,23552.1,0,,NSE
2024-06-19 13:15:00,23552.1,23571.5,23513.5,23560.65,0,,NSE
2024-06-19 14:15:00,23560.45,23663.6,23484.15,23511.0,0,,NSE
2024-06-19 15:15:00,23509.8,23528.45,23504.6,23521.4,0,,NSE
2024-06-20 09:15:00,23586.15,23586.15,23442.7,23487.35,0,,NSE
2024-06-20 10:15:00,23488.25,23563.4,23478.05,23533.65,0,,NSE
2024-06-20 11:15:00,23533.05,23569.3,23524.05,23556.6,0,,NSE
2024-06-20 12:15:00,23556.9,23572.4,23532.5,23552.5,0,,NSE
2024-06-20 13:15:00,23552.45,23623.95,23532.5,23562.75,0,,NSE
2024-06-20 14:15:00,23563.35,23600.5,23536.35,23566.85,0,,NSE
2024-06-20 15:15:00,23566.2,23587.8,23559.85,23579.15,0,,NSE
2024-06-21 09:15:00,23664.95,23664.95,23568.2,23584.75,0,,NSE
2024-06-21 10:15:00,23585.25,23610.95,23492.55,23529.05,0,,NSE
2024-06-21 11:15:00,23529.5,23561.9,23507.0,23539.3,0,,NSE
2024-06-21 12:15:00,23539.25,23546.35,23422.75,23453.25,0,,NSE
2024-06-21 13:15:00,23452.5,23585.7,23442.25,23567.2,0,,NSE
2024-06-21 14:15:00,23567.1,23577.3,23399.5,23476.2,0,,NSE
2024-06-21 15:15:00,23476.45,23489.9,23445.65,23453.15,0,,NSE
2024-06-24 09:15:00,23386.75,23452.85,23350.0,23445.75,0,,NSE
2024-06-24 10:15:00,23446.2,23523.65,23430.75,23497.05,0,,NSE
2024-06-24 11:15:00,23497.35,23543.6,23491.5,23534.65,0,,NSE
2024-06-24 12:15:00,23534.7,23557.75,23513.65,23546.6,0,,NSE
2024-06-24 13:15:00,23546.55,23555.25,23511.0,23519.95,0,,NSE
2024-06-24 14:15:00,23520.1,23550.25,23492.25,23545.95,0,,NSE
2024-06-24 15:15:00,23547.0,23553.1,23532.9,23548.65,0,,NSE
2024-06-25 09:15:00,23583.8,23617.55,23565.85,23594.85,0,,NSE
2024-06-25 10:15:00,23594.7,23610.9,23579.75,23581.2,0,,NSE
2024-06-25 11:15:00,23580.5,23599.05,23562.2,23588.45,0,,NSE
2024-06-25 12:15:00,23586.95,23683.9,23580.65,23672.5,0,,NSE
2024-06-25 13:15:00,23671.6,23709.65,23661.5,23695.25,0,,NSE
2024-06-25 14:15:00,23695.8,23732.8,23671.45,23731.65,0,,NSE
2024-06-25 15:15:00,23732.2,23753.5,23715.3,23721.9,0,,NSE
2024-06-26 09:15:00,23732.85,23742.65,23671.35,23693.25,0,,NSE
2024-06-26 10:15:00,23693.15,23789.6,23693.15,23774.45,0,,NSE
2024-06-26 11:15:00,23773.8,23842.45,23772.6,23828.8,0,,NSE
2024-06-26 12:15:00,23830.15,23859.35,23803.8,23828.25,0,,NSE
2024-06-26 13:15:00,23828.6,23874.15,23825.1,23872.2,0,,NSE
2024-06-26 14:15:00,23873.05,23889.65,23843.2,23875.2,0,,NSE
2024-06-26 15:15:00,23873.5,23887.05,23839.6,23840.25,0,,NSE
2024-06-27 09:15:00,23872.05,23965.8,23806.1,23945.95,0,,NSE
2024-06-27 10:15:00,23946.1,23973.9,23834.3,23922.0,0,,NSE
2024-06-27 11:15:00,23921.5,24005.65,23894.15,24005.35,0,,NSE
2024-06-27 12:15:00,24006.4,24036.6,23941.5,23961.85,0,,NSE
2024-06-27 13:15:00,23961.85,23995.35,23929.95,23954.35,0,,NSE
2024-06-27 14:15:00,23955.35,24047.2,23913.65,24045.6,0,,NSE
2024-06-27 15:15:00,24045.4,24086.35,24036.1,24036.1,0,,NSE
2024-06-28 09:15:00,24085.85,24172.45,24064.15,24133.15,0,,NSE
2024-06-28 10:15:00,24134.05,24151.25,24105.15,24147.8,0,,NSE
2024-06-28 11:15:00,24147.6,24150.5,24103.7,24110.9,0,,NSE
2024-06-28 12:15:00,24111.75,24115.0,24009.35,24060.75,0,,NSE
2024-06-28 13:15:00,24060.95,24135.45,24044.8,24117.2,0,,NSE
2024-06-28 14:15:00,24117.05,24132.9,23989.2,23989.2,0,,NSE
2024-06-28 15:15:00,23988.15,24012.95,23986.1,24009.8,0,,NSE
2024-07-12 09:15:00,24385.5,24440.4,24332.5,24362.9,0,,NSE
2024-07-12 10:15:00,24362.6,24591.95,24357.15,24538.25,0,,NSE
2024-07-12 11:15:00,24537.65,24539.35,24473.3,24516.4,0,,NSE
2024-07-12 12:15:00,24517.8,24523.45,24478.25,24518.5,0,,NSE
2024-07-12 13:15:00,24518.45,24579.8,24514.05,24574.65,0,,NSE
2024-07-12 14:15:00,24573.9,24581.05,24490.05,24491.15,0,,NSE
2024-07-12 15:15:00,24490.0,24516.5,24485.6,24512.4,0,,NSE
2024-07-15 09:15:00,24587.6,24597.8,24523.7,24562.0,0,,NSE
2024-07-15 10:15:00,24562.15,24602.55,24545.7,24581.0,0,,NSE
2024-07-15 11:15:00,24581.75,24611.65,24547.55,24598.9,0,,NSE
2024-07-15 12:15:00,24598.9,24619.6,24576.1,24614.8,0,,NSE
2024-07-15 13:15:00,24614.8,24634.85,24589.8,24594.45,0,,NSE
2024-07-15 14:15:00,24594.45,24619.15,24577.7,24584.5,0,,NSE
2024-07-15 15:15:00,24583.4,24588.6,24577.95,24588.35,0,,NSE
2024-07-16 09:15:00,24621.05,24648.9,24602.05,24634.4,0,,NSE
2024-07-16 10:15:00,24635.35,24661.05,24628.75,24654.05,0,,NSE
2024-07-16 11:15:00,24654.4,24660.8,24631.6,24640.5,0,,NSE
2024-07-16 12:15:00,24640.9,24656.65,24620.3,24652.9,0,,NSE
2024-07-16 13:15:00,24652.0,24654.9,24603.45,24625.1,0,,NSE
2024-07-16 14:15:00,24625.15,24648.0,24588.3,24604.3,0,,NSE
2024-07-16 15:15:00,24603.6,24616.2,24593.9,24601.1,0,,NSE
2024-07-18 09:15:00,24542.65,24678.35,24515.8,24655.5,0,,NSE
2024-07-18 10:15:00,24654.05,24658.1,24531.5,24537.35,0,,NSE
2024-07-18 11:15:00,24538.55,24612.1,24505.25,24607.8,0,,NSE
2024-07-18 12:15:00,24607.0,24714.45,24599.75,24711.6,0,,NSE
2024-07-18 13:15:00,24716.3,24827.7,24697.9,24819.9,0,,NSE
2024-07-18 14:15:00,24820.4,24837.5,24774.2,24801.7,0,,NSE
2024-07-18 15:15:00,24802.05,24810.4,24775.95,24779.35,0,,NSE
2024-07-19 09:15:00,24841.25,24842.05,24684.2,24685.85,0,,NSE
2024-07-19 10:15:00,24684.95,24725.7,24644.3,24661.55,0,,NSE
2024-07-19 11:15:00,24660.45,24675.25,24621.85,24661.75,0,,NSE
2024-07-19 12:15:00,24661.65,24667.6,24596.45,24612.8,0,,NSE
2024-07-19 13:15:00,24611.35,24646.15,24554.35,24570.65,0,,NSE
2024-07-19 14:15:00,24570.25,24588.7,24520.0,24530.4,0,,NSE
2024-07-19 15:15:00,24531.85,24539.65,24509.25,24525.85,0,,NSE
2024-07-22 09:15:00,24447.65,24558.0,24363.85,24556.0,0,,NSE
2024-07-22 10:15:00,24555.65,24594.4,24531.1,24532.05,0,,NSE
2024-07-22 11:15:00,24531.4,24554.9,24507.35,24522.95,0,,NSE
2024-07-22 12:15:00,24523.15,24527.9,24465.55,24487.8,0,,NSE
2024-07-22 13:15:00,24487.3,24541.65,24487.3,24498.25,0,,NSE
2024-07-22 14:15:00,24498.15,24521.75,24480.8,24515.7,0,,NSE
2024-07-22 15:15:00,24516.25,24520.95,24504.7,24515.9,0,,NSE
2024-07-23 09:15:00,24564.55,24580.95,24445.95,24449.15,0,,NSE
2024-07-23 10:15:00,24449.9,24552.5,24423.9,24542.55,0,,NSE
2024-07-23 11:15:00,24543.5,24549.8,24381.05,24469.3,0,,NSE
2024-07-23 12:15:00,24468.65,24474.05,24076.25,24279.65,0,,NSE
2024-07-23 13:15:00,24280.4,24513.65,24277.3,24459.9,0,,NSE
2024-07-23 14:15:00,24460.15,24544.7,24427.55,24460.65,0,,NSE
2024-07-23 15:15:00,24459.45,24479.5,24446.75,24476.4,0,,NSE
2024-07-24 09:15:00,24445.05,24503.25,24373.9,24441.15,0,,NSE
2024-07-24 10:15:00,24442.4,24492.1,24397.25,24432.0,0,,NSE
2024-07-24 11:15:00,24432.35,24445.25,24368.3,24379.85,0,,NSE
2024-07-24 12:15:00,24379.85,24382.25,24307.95,24362.0,0,,NSE
2024-07-24 13:15:00,24362.15,24378.1,24310.5,24324.45,0,,NSE
2024-07-24 14:15:00,24326.3,24453.95,24322.25,24407.4,0,,NSE
2024-07-24 15:15:00,24407.65,24446.4,24397.75,24441.9,0,,NSE
2024-07-25 09:15:00,24235.05,24302.75,24212.3,24294.95,0,,NSE
2024-07-25 10:15:00,24294.8,24331.85,24270.85,24324.2,0,,NSE
2024-07-25 11:15:00,24324.05,24368.35,24295.1,24362.95,0,,NSE
2024-07-25 12:15:00,24362.15,24397.15,24354.7,24382.3,0,,NSE
2024-07-25 13:15:00,24381.8,24425.1,24361.05,24421.35,0,,NSE
2024-07-25 14:15:00,24422.45,24424.65,24380.1,24397.5,0,,NSE
2024-07-25 15:15:00,24396.5,24423.15,24388.95,24415.0,0,,NSE
2024-07-26 09:15:00,24430.05,24592.8,24415.15,24578.7,0,,NSE
2024-07-26 10:15:00,24578.45,24653.95,24576.25,24644.8,0,,NSE
2024-07-26 11:15:00,24643.95,24656.65,24623.6,24639.0,0,,NSE
2024-07-26 12:15:00,24638.95,24780.95,24637.1,24775.55,0,,NSE
2024-07-26 13:15:00,24777.1,24818.05,24758.2,24797.8,0,,NSE
2024-07-26 14:15:00,24797.75,24852.3,24759.45,24849.05,0,,NSE
2024-07-26 15:15:00,24848.0,24860.05,24830.4,24851.75,0,,NSE
2024-07-29 09:15:00,24952.05,24978.1,24878.35,24878.35,0,,NSE
2024-07-29 10:15:00,24878.1,24946.05,24866.5,24938.15,0,,NSE
2024-07-29 11:15:00,24937.85,24998.55,24880.2,24905.5,0,,NSE
2024-07-29 12:15:00,24906.55,24912.95,24791.8,24833.05,0,,NSE
2024-07-29 13:15:00,24833.35,24884.85,24797.6,24798.05,0,,NSE
2024-07-29 14:15:00,24799.25,24865.85,24774.9,24823.3,0,,NSE
2024-07-29 15:15:00,24823.3,24848.8,24816.6,24840.95,0,,NSE
2024-07-30 09:15:00,24850.2,24886.7,24803.15,24851.65,0,,NSE
2024-07-30 10:15:00,24851.55,24939.9,24850.4,24926.7,0,,NSE
2024-07-30 11:15:00,24926.9,24956.55,24914.85,24936.3,0,,NSE
2024-07-30 12:15:00,24936.0,24968.75,24921.55,24936.95,0,,NSE
2024-07-30 13:15:00,24936.3,24944.55,24881.0,24929.15,0,,NSE
2024-07-30 14:15:00,24929.15,24971.75,24837.7,24847.5,0,,NSE
2024-07-30 15:15:00,24847.45,24861.75,24832.6,24840.9,0,,NSE
2024-07-31 09:15:00,24883.0,24945.4,24857.35,24940.1,0,,NSE
2024-07-31 10:15:00,24938.6,24953.75,24901.45,24923.0,0,,NSE
2024-07-31 11:15:00,24922.25,24939.0,24898.25,24936.3,0,,NSE
2024-07-31 12:15:00,24935.45,24949.45,24904.1,24937.05,0,,NSE
2024-07-31 13:15:00,24934.9,24952.45,24918.55,24926.3,0,,NSE
2024-07-31 14:15:00,24925.55,24968.6,24922.65,24945.8,0,,NSE
2024-07-31 15:15:00,24944.45,24983.3,24941.75,24979.3,0,,NSE
2024-08-13 09:15:00,24351.05,24358.0,24300.0,24330.1,0,,NSE
2024-08-13 10:15:00,24329.7,24334.25,24277.75,24313.35,0,,NSE
2024-08-13 11:15:00,24312.35,24330.15,24268.8,24296.0,0,,NSE
2024-08-13 12:15:00,24296.65,24297.6,24205.25,24238.1,0,,NSE
2024-08-13 13:15:00,24237.35,24257.3,24117.2,24152.9,0,,NSE
2024-08-13 14:15:00,24151.7,24177.95,24121.6,24122.9,0,,NSE
2024-08-13 15:15:00,24124.15,24144.2,24119.35,24141.2,0,,NSE
2024-08-14 09:15:00,24184.4,24194.0,24100.15,24147.65,0,,NSE
2024-08-14 10:15:00,24147.35,24171.35,24118.3,24135.45,0,,NSE
2024-08-14 11:15:00,24135.45,24166.05,24127.15,24164.8,0,,NSE
2024-08-14 12:15:00,24164.85,24194.35,24145.45,24179.35,0,,NSE
2024-08-14 13:15:00,24178.55,24179.85,24145.6,24170.75,0,,NSE
2024-08-14 14:15:00,24171.25,24177.75,24121.85,24133.0,0,,NSE
2024-08-14 15:15:00,24135.55,24157.3,24129.65,24143.7,0,,NSE
2024-08-16 09:15:00,24332.15,24403.25,24275.3,24295.0,0,,NSE
2024-08-16 10:15:00,24293.7,24306.65,24205.2,24234.35,0,,NSE
2024-08-16 11:15:00,24233.9,24440.3,24227.85,24419.8,0,,NSE
2024-08-16 12:15:00,24419.95,24458.95,24389.2,24442.8,0,,NSE
2024-08-16 13:15:00,24442.4,24517.75,24427.65,24516.0,0,,NSE
2024-08-16 14:15:00,24514.95,24563.45,24473.25,24554.35,0,,NSE
2024-08-16 15:15:00,24554.15,24561.3,24537.45,24539.2,0,,NSE
2024-08-19 09:15:00,24630.55,24638.25,24566.3,24580.45,0,,NSE
2024-08-19 10:15:00,24579.1,24590.2,24523.55,24543.95,0,,NSE
2024-08-19 11:15:00,24544.45,24598.0,24542.7,24570.0,0,,NSE
2024-08-19 12:15:00,24569.7,24592.9,24552.25,24590.45,0,,NSE
2024-08-19 13:15:00,24590.9,24605.1,24543.85,24572.35,0,,NSE
2024-08-19 14:15:00,24573.2,24592.35,24562.45,24571.45,0,,NSE
2024-08-19 15:15:00,24571.25,24590.3,24570.6,24579.0,0,,NSE
2024-08-20 09:15:00,24650.4,24725.25,24607.5,24722.6,0,,NSE
2024-08-20 10:15:00,24722.95,24733.95,24674.55,24707.5,0,,NSE
2024-08-20 11:15:00,24707.55,24719.1,24688.05,24708.95,0,,NSE
2024-08-20 12:15:00,24708.95,24734.15,24701.55,24727.1,0,,NSE
2024-08-20 13:15:00,24725.45,24729.1,24703.05,24719.45,0,,NSE
2024-08-20 14:15:00,24718.8,24729.3,24690.9,24698.1,0,,NSE
2024-08-20 15:15:00,24697.9,24705.65,24670.85,24672.85,0,,NSE
2024-08-21 09:15:00,24680.95,24721.0,24655.45,24712.75,0,,NSE
2024-08-21 10:15:00,24713.35,24753.9,24678.8,24693.5,0,,NSE
2024-08-21 11:15:00,24693.55,24742.3,24693.2,24724.0,0,,NSE
2024-08-21 12:15:00,24724.45,24739.1,24716.3,24727.8,0,,NSE
2024-08-21 13:15:00,24727.7,24744.55,24696.8,24739.85,0,,NSE
2024-08-21 14:15:00,24739.85,24774.15,24722.75,24767.05,0,,NSE
2024-08-21 15:15:00,24767.5,24786.2,24763.05,24780.15,0,,NSE
2024-08-22 09:15:00,24866.25,24866.25,24785.0,24813.75,0,,NSE
2024-08-22 10:15:00,24814.15,24830.1,24802.45,24824.15,0,,NSE
2024-08-22 11:15:00,24824.65,24847.8,24817.1,24832.65,0,,NSE
2024-08-22 12:15:00,24832.7,24836.8,24800.85,24808.15,0,,NSE
2024-08-22 13:15:00,24808.0,24837.7,24802.85,24832.0,0,,NSE
2024-08-22 14:15:00,24833.05,24835.25,24796.65,24810.6,0,,NSE
2024-08-22 15:15:00,24810.85,24822.75,24804.5,24810.9,0,,NSE
2024-08-23 09:15:00,24845.4,24849.9,24771.8,24801.5,0,,NSE
2024-08-23 10:15:00,24803.75,24850.65,24797.0,24833.4,0,,NSE
2024-08-23 11:15:00,24835.1,24853.75,24819.3,24839.4,0,,NSE
2024-08-23 12:15:00,24838.5,24845.5,24826.35,24839.2,0,,NSE
2024-08-23 13:15:00,24837.9,24839.5,24818.9,24831.25,0,,NSE
2024-08-23 14:15:00,24830.9,24848.85,24794.7,24822.7,0,,NSE
2024-08-23 15:15:00,24822.0,24841.75,24815.05,24831.85,0,,NSE
2024-08-26 09:15:00,24914.5,25017.2,24874.95,25008.35,0,,NSE
2024-08-26 10:15:00,25008.4,25043.65,24971.25,24982.35,0,,NSE
2024-08-26 11:15:00,24982.15,25020.25,24980.0,25001.05,0,,NSE
2024-08-26 12:15:00,25001.0,25034.75,24995.3,25026.55,0,,NSE
2024-08-26 13:15:00,25026.0,25030.55,25001.65,25009.75,0,,NSE
2024-08-26 14:15:00,25010.05,25033.2,25002.8,25007.9,0,,NSE
2024-08-26 15:15:00,25009.35,25016.75,25004.6,25011.45,0,,NSE
2024-08-27 09:15:00,25032.1,25043.65,24973.9,25013.55,0,,NSE
2024-08-27 10:15:00,25014.55,25049.65,24983.5,25037.85,0,,NSE
2024-08-27 11:15:00,25037.85,25073.05,25033.35,25045.6,0,,NSE
2024-08-27 12:15:00,25045.7,25060.2,25038.55,25059.05,0,,NSE
2024-08-27 13:15:00,25059.2,25067.1,25041.3,25052.65,0,,NSE
2024-08-27 14:15:00,25052.0,25056.2,24998.0,25024.6,0,,NSE
2024-08-27 15:15:00,25024.25,25027.75,24988.4,24997.05,0,,NSE
2024-08-28 09:15:00,25029.25,25047.85,24964.85,25010.95,0,,NSE
2024-08-28 10:15:00,25010.15,25040.0,24993.55,25038.85,0,,NSE
2024-08-28 11:15:00,25038.55,25113.8,25037.35,25086.8,0,,NSE
2024-08-28 12:15:00,25086.0,25110.05,25081.2,25101.8,0,,NSE
2024-08-28 13:15:00,25100.95,25125.7,25090.55,25121.3,0,,NSE
2024-08-28 14:15:00,25120.2,25128.1,25048.2,25050.45,0,,NSE
2024-08-28 15:15:00,25049.4,25051.35,25032.1,25044.85,0,,NSE
2024-08-29 09:15:00,25032.45,25117.6,25018.95,25097.4,0,,NSE
2024-08-29 10:15:00,25098.0,25115.8,25077.05,25098.05,0,,NSE
2024-08-29 11:15:00,25098.05,25106.5,25070.15,25088.05,0,,NSE
2024-08-29 12:15:00,25088.3,25174.0,25084.45,25153.45,0,,NSE
2024-08-29 13:15:00,25151.3,25166.75,24999.75,25077.05,0,,NSE
2024-08-29 14:15:00,25078.1,25192.6,25001.65,25130.05,0,,NSE
2024-08-29 15:15:00,25129.4,25166.7,25117.7,25156.75,0,,NSE
2024-08-30 09:15:00,25229.25,25257.95,25199.7,25218.85,0,,NSE
2024-08-30 10:15:00,25219.6,25246.65,25204.2,25239.1,0,,NSE
2024-08-30 11:15:00,25238.4,25252.6,25217.75,25246.3,0,,NSE
2024-08-30 12:15:00,25246.05,25258.15,25228.65,25242.25,0,,NSE
2024-08-30 13:15:00,25242.45,25250.75,25231.15,25246.2,0,,NSE
2024-08-30 14:15:00,25246.05,25262.15,25206.8,25242.4,0,,NSE
2024-08-30 15:15:00,25242.95,25265.05,25232.25,25247.0,0,,NSE
2024-09-10 09:15:00,25003.2,25011.1,24897.5,24915.05,0,,NSE
2024-09-10 10:15:00,24915.55,24981.55,24908.0,24981.55,0,,NSE
2024-09-10 11:15:00,24981.9,25041.7,24974.4,25023.0,0,,NSE
2024-09-10 12:15:00,25024.3,25106.7,25016.05,25098.55,0,,NSE
2024-09-10 13:15:00,25097.9,25130.45,25089.0,25114.0,0,,NSE
2024-09-10 14:15:00,25113.9,25122.0,25014.8,25042.95,0,,NSE
2024-09-10 15:15:00,25042.25,25061.75,25037.9,25052.1,0,,NSE
2024-09-11 09:15:00,25033.75,25073.4,24981.8,25055.95,0,,NSE
2024-09-11 10:15:00,25055.7,25091.1,25031.6,25086.05,0,,NSE
2024-09-11 11:15:00,25086.25,25109.0,25035.4,25093.3,0,,NSE
2024-09-11 12:15:00,25093.7,25113.15,25045.35,25059.55,0,,NSE
2024-09-11 13:15:00,25059.55,25068.1,24935.3,24937.55,0,,NSE
2024-09-11 14:15:00,24937.35,24967.2,24885.55,24900.65,0,,NSE
2024-09-11 15:15:00,24901.35,24951.8,24900.8,24951.8,0,,NSE
2024-09-12 09:15:00,25051.6,25072.3,24982.4,25017.2,0,,NSE
2024-09-12 10:15:00,25019.05,25031.15,24980.55,25008.3,0,,NSE
2024-09-12 11:15:00,25007.95,25036.8,24942.45,25011.2,0,,NSE
2024-09-12 12:15:00,25010.3,25019.7,24963.75,24996.35,0,,NSE
2024-09-12 13:15:00,24994.15,25228.95,24977.1,25204.7,0,,NSE
2024-09-12 14:15:00,25204.55,25431.6,25203.8,25414.95,0,,NSE
2024-09-12 15:15:00,25416.7,25417.25,25310.25,25314.95,0,,NSE
2024-09-13 09:15:00,25410.65,25413.15,25292.6,25326.0,0,,NSE
2024-09-13 10:15:00,25327.0,25393.8,25325.3,25382.35,0,,NSE
2024-09-13 11:15:00,25381.9,25384.6,25355.25,25376.55,0,,NSE
2024-09-13 12:15:00,25375.75,25390.65,25368.45,25385.15,0,,NSE
2024-09-13 13:15:00,25384.55,25392.05,25346.6,25385.5,0,,NSE
2024-09-13 14:15:00,25385.15,25388.8,25331.8,25354.45,0,,NSE
2024-09-13 15:15:00,25354.45,25366.8,25340.9,25343.55,0,,NSE
2024-09-16 09:15:00,25408.65,25445.25,25372.45,25409.35,0,,NSE
2024-09-16 10:15:00,25410.0,25420.05,25366.05,25384.15,0,,NSE
2024-09-16 11:15:00,25385.0,25396.6,25345.8,25353.25,0,,NSE
2024-09-16 12:15:00,25353.15,25381.6,25337.2,25374.5,0,,NSE
2024-09-16 13:15:00,25374.6,25422.4,25372.35,25405.1,0,,NSE
2024-09-16 14:15:00,25405.35,25406.85,25379.3,25386.4,0,,NSE
2024-09-16 15:15:00,25386.45,25390.3,25375.5,25377.2,0,,NSE
2024-09-17 09:15:00,25409.1,25409.1,25352.7,25373.9,0,,NSE
2024-09-17 10:15:00,25374.8,25415.85,25368.1,25401.4,0,,NSE
2024-09-17 11:15:00,25405.7,25432.5,25399.2,25412.55,0,,NSE
2024-09-17 12:15:00,25411.85,25436.6,25404.05,25425.7,0,,NSE
2024-09-17 13:15:00,25424.8,25441.3,25412.6,25426.2,0,,NSE
2024-09-17 14:15:00,25425.3,25438.35,25408.45,25418.45,0,,NSE
2024-09-17 15:15:00,25418.8,25421.55,25404.8,25407.15,0,,NSE
2024-09-18 09:15:00,25402.8,25443.0,25381.65,25413.9,0,,NSE
2024-09-18 10:15:00,25413.8,25478.35,25408.1,25461.25,0,,NSE
2024-09-18 11:15:00,25460.35,25472.5,25447.35,25462.7,0,,NSE
2024-09-18 12:15:00,25461.55,25481.65,25372.8,25374.4,0,,NSE
2024-09-18 13:15:00,25374.15,25385.25,25285.65,25343.05,0,,NSE
2024-09-18 14:15:00,25343.3,25409.1,25329.0,25382.35,0,,NSE
2024-09-18 15:15:00,25381.75,25392.7,25342.35,25343.45,0,,NSE
2024-09-19 09:15:00,25486.4,25611.1,25486.4,25513.05,0,,NSE
2024-09-19 10:15:00,25513.0,25530.2,25478.0,25506.05,0,,NSE
2024-09-19 11:15:00,25505.8,25509.95,25390.65,25442.2,0,,NSE
2024-09-19 12:15:00,25442.6,25467.65,25395.85,25395.85,0,,NSE
2024-09-19 13:15:00,25395.85,25426.55,25376.45,25402.4,0,,NSE
2024-09-19 14:15:00,25403.1,25427.55,25388.6,25426.25,0,,NSE
2024-09-19 15:15:00,25424.55,25453.7,25406.85,25445.0,0,,NSE
2024-09-20 09:15:00,25530.0,25609.15,25426.8,25553.55,0,,NSE
2024-09-20 10:15:00,25554.25,25715.75,25541.65,25702.25,0,,NSE
2024-09-20 11:15:00,25702.2,25726.6,25666.2,25710.1,0,,NSE
2024-09-20 12:15:00,25710.4,25804.05,25687.8,25786.05,0,,NSE
2024-09-20 13:15:00,25784.75,25806.35,25487.35,25674.9,0,,NSE
2024-09-20 14:15:00,25676.3,25803.5,25594.1,25792.85,0,,NSE
2024-09-20 15:15:00,25793.65,25843.95,25783.0,25820.35,0,,NSE
2024-09-23 09:15:00,25870.65,25924.95,25849.95,25897.05,0,,NSE
2024-09-23 10:15:00,25897.4,25901.65,25859.65,25881.45,0,,NSE
2024-09-23 11:15:00,25882.1,25886.15,25847.95,25867.25,0,,NSE
2024-09-23 12:15:00,25865.3,25895.7,25857.1,25883.6,0,,NSE
2024-09-23 13:15:00,25884.1,25913.6,25880.1,25907.2,0,,NSE
2024-09-23 14:15:00,25906.9,25955.85,25906.1,25938.75,0,,NSE
2024-09-23 15:15:00,25940.85,25947.1,25923.35,25930.15,0,,NSE
2024-09-24 09:15:00,25929.9,25978.65,25887.85,25956.15,0,,NSE
2024-09-24 10:15:00,25956.3,25981.45,25937.55,25948.95,0,,NSE
2024-09-24 11:15:00,25948.5,25948.85,25905.75,25921.55,0,,NSE
2024-09-24 12:15:00,25921.4,25966.75,25920.1,25964.35,0,,NSE
2024-09-24 13:15:00,25964.6,25984.0,25951.1,25973.4,0,,NSE
2024-09-24 14:15:00,25973.3,26010.2,25918.65,25944.15,0,,NSE
2024-09-24 15:15:00,25943.8,25959.15,25939.8,25951.9,0,,NSE
2024-09-25 09:15:00,25907.25,25952.9,25891.7,25911.25,0,,NSE
2024-09-25 10:15:00,25911.2,25928.05,25900.9,25914.95,0,,NSE
2024-09-25 11:15:00,25915.0,25930.9,25871.9,25880.15,0,,NSE
2024-09-25 12:15:00,25879.2,25899.95,25875.35,25884.6,0,,NSE
2024-09-25 13:15:00,25884.5,25950.45,25884.4,25945.45,0,,NSE
2024-09-25 14:15:00,25946.0,26028.65,25923.0,26017.55,0,,NSE
2024-09-25 15:15:00,26017.3,26031.8,26008.05,26013.5,0,,NSE
2024-09-26 09:15:00,26008.1,26074.35,26003.15,26063.55,0,,NSE
2024-09-26 10:15:00,26062.55,26087.35,26048.75,26073.3,0,,NSE
2024-09-26 11:15:00,26073.5,26097.55,26055.0,26095.6,0,,NSE
2024-09-26 12:15:00,26095.3,26111.25,26063.6,26091.8,0,,NSE
2024-09-26 13:15:00,26090.45,26113.7,26034.65,26087.2,0,,NSE
2024-09-26 14:15:00,26087.05,26249.85,26085.45,26207.55,0,,NSE
2024-09-26 15:15:00,26206.45,26220.55,26174.1,26184.65,0,,NSE
2024-09-27 09:15:00,26241.35,26270.3,26211.8,26262.25,0,NIFTY,NSE
2024-09-27 10:15:00,26262.2,26277.15,26214.0,26241.0,0,NIFTY,NSE
2024-09-27 11:15:00,26241.45,26243.6,26206.95,26236.75,0,NIFTY,NSE
2024-09-27 12:15:00,26236.45,26249.4,26179.9,26189.85,0,NIFTY,NSE
2024-09-27 13:15:00,26189.8,26230.85,26167.4,26186.8,0,NIFTY,NSE
2024-09-27 14:15:00,26185.5,26211.95,26152.45,26195.15,0,NIFTY,NSE
2024-09-27 15:15:00,26194.1,26197.0,26157.7,26175.0,0,NIFTY,NSE
2024-09-30 09:15:00,26060.95,26127.75,25962.55,25982.55,0,NIFTY,NSE
2024-09-30 10:15:00,25983.25,25994.95,25921.55,25928.65,0,NIFTY,NSE
2024-09-30 11:15:00,25930.0,25939.3,25882.3,25895.15,0,NIFTY,NSE
2024-09-30 12:15:00,25894.8,25909.1,25863.35,25877.1,0,NIFTY,NSE
2024-09-30 13:15:00,25877.15,25877.85,25824.95,25829.15,0,NIFTY,NSE
2024-09-30 14:15:00,25827.55,25854.9,25796.95,25812.25,0,NIFTY,NSE
2024-09-30 15:15:00,25813.0,25829.1,25794.35,25822.8,0,NIFTY,NSE
2024-10-01 09:15:00,25821.35,25907.45,25820.2,25824.05,0,NIFTY,NSE
2024-10-01 10:15:00,25824.6,25831.8,25739.3,25745.75,0,NIFTY,NSE
2024-10-01 11:15:00,25745.45,25837.85,25742.9,25822.95,0,NIFTY,NSE
2024-10-01 12:15:00,25822.45,25838.85,25755.1,25793.85,0,NIFTY,NSE
2024-10-01 13:15:00,25793.25,25822.6,25781.15,25795.4,0,NIFTY,NSE
2024-10-01 14:15:00,25795.05,25819.2,25754.6,25788.05,0,NIFTY,NSE
2024-10-01 15:15:00,25788.4,25816.35,25785.35,25812.55,0,NIFTY,NSE
2024-10-03 09:15:00,25511.55,25638.65,25502.8,25528.9,0,NIFTY,NSE
2024-10-03 10:15:00,25529.35,25545.0,25487.3,25491.95,0,NIFTY,NSE
2024-10-03 11:15:00,25491.5,25492.15,25383.3,25391.2,0,NIFTY,NSE
2024-10-03 12:15:00,25391.4,25414.3,25345.35,25349.55,0,NIFTY,NSE
2024-10-03 13:15:00,25350.35,25351.95,25233.15,25276.55,0,NIFTY,NSE
2024-10-03 14:15:00,25275.65,25277.8,25232.4,25258.45,0,NIFTY,NSE
2024-10-03 15:15:00,25259.3,25274.1,25245.85,25266.0,0,NIFTY,NSE
2024-10-04 09:15:00,25203.45,25293.6,25094.85,25213.7,0,NIFTY,NSE
2024-10-04 10:15:00,25212.0,25359.4,25175.45,25332.6,0,NIFTY,NSE
2024-10-04 11:15:00,25332.0,25471.0,25278.9,25468.85,0,NIFTY,NSE
2024-10-04 12:15:00,25468.15,25484.75,25078.25,25114.4,0,NIFTY,NSE
2024-10-04 13:15:00,25112.7,25122.45,25022.75,25045.4,0,NIFTY,NSE
2024-10-04 14:15:00,25045.4,25064.35,24966.85,25020.95,0,NIFTY,NSE
2024-10-04 15:15:00,25021.45,25049.65,25016.85,25049.1,0,NIFTY,NSE
2024-10-07 09:15:00,25099.75,25142.75,25019.35,25058.8,0,NIFTY,NSE
2024-10-07 10:15:00,25059.45,25079.75,24799.0,24889.7,0,NIFTY,NSE
2024-10-07 11:15:00,24888.85,25005.9,24880.55,24925.85,0,NIFTY,NSE
2024-10-07 12:15:00,24924.75,24960.05,24770.95,24793.85,0,NIFTY,NSE
2024-10-07 13:15:00,24796.95,24835.6,24694.85,24763.1,0,NIFTY,NSE
2024-10-07 14:15:00,24761.55,24923.2,24718.85,24778.15,0,NIFTY,NSE
2024-10-07 15:15:00,24779.45,24832.4,24775.2,24819.0,0,NIFTY,NSE
2024-10-08 09:15:00,24861.8,24900.7,24757.4,24827.85,0,NIFTY,NSE
2024-10-08 10:15:00,24828.3,24959.65,24805.65,24937.9,0,NIFTY,NSE
2024-10-08 11:15:00,24937.1,24988.9,24896.25,24930.3,0,NIFTY,NSE
2024-10-08 12:15:00,24930.15,24985.15,24885.95,24975.15,0,NIFTY,NSE
2024-10-08 13:15:00,24974.55,25042.1,24939.95,25036.25,0,NIFTY,NSE
2024-10-08 14:15:00,25036.85,25043.85,24925.1,25010.95,0,NIFTY,NSE
2024-10-08 15:15:00,25010.7,25042.3,25009.55,25039.5,0,NIFTY,NSE
2024-10-09 09:15:00,25057.55,25189.85,25033.15,25171.0,0,NIFTY,NSE
2024-10-09 10:15:00,25170.5,25221.35,25109.5,25215.6,0,NIFTY,NSE
2024-10-09 11:15:00,25214.9,25234.0,25096.45,25117.75,0,NIFTY,NSE
2024-10-09 12:15:00,25118.95,25159.75,25102.15,25104.35,0,NIFTY,NSE
2024-10-09 13:15:00,25103.0,25141.15,25062.3,25109.55,0,NIFTY,NSE
2024-10-09 14:15:00,25108.95,25109.9,24947.9,24971.15,0,NIFTY,NSE
2024-10-09 15:15:00,24971.6,25020.6,24971.0,25019.55,0,NIFTY,NSE
2024-10-10 09:15:00,25070.15,25129.8,24996.95,25116.95,0,NIFTY,NSE
2024-10-10 10:15:00,25115.95,25134.0,25022.4,25025.05,0,NIFTY,NSE
2024-10-10 11:15:00,25024.75,25050.6,24990.95,25032.5,0,NIFTY,NSE
2024-10-10 12:15:00,25032.7,25051.1,25005.75,25035.4,0,NIFTY,NSE
2024-10-10 13:15:00,25035.15,25053.8,25006.55,25021.3,0,NIFTY,NSE
2024-10-10 14:15:00,25020.2,25037.55,24982.4,24998.55,0,NIFTY,NSE
2024-10-10 15:15:00,24998.2,25019.6,24979.5,25007.55,0,NIFTY,NSE
2024-10-11 09:15:00,24985.05,25028.3,24934.6,25022.25,0,NIFTY,NSE
2024-10-11 10:15:00,25022.3,25024.35,24931.6,24952.5,0,NIFTY,NSE
2024-10-11 11:15:00,24953.15,24961.05,24920.6,24945.55,0,NIFTY,NSE
2024-10-11 12:15:00,24945.45,24969.1,24936.9,24961.3,0,NIFTY,NSE
2024-10-11 13:15:00,24961.4,24979.9,24949.3,24953.35,0,NIFTY,NSE
2024-10-11 14:15:00,24952.85,24975.45,24942.35,24962.75,0,NIFTY,NSE
2024-10-11 15:15:00,24961.7,24979.3,24958.25,24975.05,0,NIFTY,NSE
2024-10-14 09:15:00,25027.65,25131.8,25017.85,25100.15,0,NIFTY,NSE
2024-10-14 10:15:00,25100.4,25118.4,25073.85,25101.5,0,NIFTY,NSE
2024-10-14 11:15:00,25102.35,25159.6,25100.35,25154.6,0,NIFTY,NSE
2024-10-14 12:15:00,25154.85,25157.6,25102.25,25105.45,0,NIFTY,NSE
2024-10-14 13:15:00,25105.6,25141.2,25097.4,25133.5,0,NIFTY,NSE
2024-10-14 14:15:00,25133.5,25146.3,25110.1,25123.2,0,NIFTY,NSE
2024-10-14 15:15:00,25122.65,25148.1,25120.55,25142.3,0,NIFTY,NSE
2024-10-15 09:15:00,25189.25,25208.95,25042.2,25055.3,0,NIFTY,NSE
2024-10-15 10:15:00,25055.65,25097.65,25014.4,25072.5,0,NIFTY,NSE
2024-10-15 11:15:00,25072.65,25089.95,25037.6,25072.15,0,NIFTY,NSE
2024-10-15 12:15:00,25072.2,25077.5,25008.85,25025.35,0,NIFTY,NSE
2024-10-15 13:15:00,25025.3,25072.2,25022.6,25046.9,0,NIFTY,NSE
2024-10-15 14:15:00,25046.1,25069.7,25022.15,25052.65,0,NIFTY,NSE
2024-10-15 15:15:00,25052.85,25079.1,25050.65,25065.15,0,NIFTY,NSE
2024-10-16 09:15:00,25021.75,25093.25,24996.6,25059.5,0,NIFTY,NSE
2024-10-16 10:15:00,25059.9,25073.85,25009.15,25015.1,0,NIFTY,NSE
2024-10-16 11:15:00,25014.2,25016.5,24908.95,24948.05,0,NIFTY,NSE
2024-10-16 12:15:00,24947.45,24986.3,24933.55,24983.35,0,NIFTY,NSE
2024-10-16 13:15:00,24983.9,25024.05,24962.05,25014.1,0,NIFTY,NSE
2024-10-16 14:15:00,25013.15,25059.85,24964.85,24968.2,0,NIFTY,NSE
2024-10-16 15:15:00,24967.7,24968.7,24951.0,24959.9,0,NIFTY,NSE
2025-03-25 09:15:00,23752.85,23869.15,23665.65,23770.4,0,NIFTY,NSE
2025-03-25 10:15:00,23769.35,23826.35,23656.8,23701.1,0,NIFTY,NSE
2025-03-25 11:15:00,23701.0,23730.0,23628.35,23693.15,0,NIFTY,NSE
2025-03-25 12:15:00,23693.55,23705.35,23653.65,23676.0,0,NIFTY,NSE
2025-03-25 13:15:00,23676.35,23744.1,23644.3,23739.9,0,NIFTY,NSE
2025-03-25 14:15:00,23739.05,23744.6,23661.7,23670.3,0,NIFTY,NSE
2025-03-25 15:15:00,23670.6,23675.3,23603.5,23605.95,0,NIFTY,NSE
2025-03-26 09:15:00,23698.7,23735.9,23614.75,23679.15,0,NIFTY,NSE
2025-03-26 10:15:00,23679.75,23720.2,23629.55,23653.0,0,NIFTY,NSE
2025-03-26 11:15:00,23653.5,23671.9,23572.2,23603.75,0,NIFTY,NSE
2025-03-26 12:15:00,23602.95,23638.05,23551.9,23566.1,0,NIFTY,NSE
2025-03-26 13:15:00,23565.4,23575.95,23501.15,23550.5,0,NIFTY,NSE
2025-03-26 14:15:00,23550.5,23562.25,23452.6,23501.45,0,NIFTY,NSE
2025-03-26 15:15:00,23501.4,23501.75,23464.3,23464.3,0,NIFTY,NSE
2025-03-27 09:15:00,23438.75,23618.65,23415.2,23600.35,0,NIFTY,NSE
2025-03-27 10:15:00,23599.55,23626.7,23559.8,23602.9,0,NIFTY,NSE
2025-03-27 11:15:00,23603.05,23615.25,23580.15,23600.5,0,NIFTY,NSE
2025-03-27 12:15:00,23600.15,23607.55,23574.85,23586.6,0,NIFTY,NSE
2025-03-27 13:15:00,23586.4,23616.8,23581.8,23609.1,0,NIFTY,NSE
2025-03-27 14:15:00,23610.1,23620.4,23572.1,23589.25,0,NIFTY,NSE
2025-03-27 15:15:00,23588.65,23636.6,23576.45,23601.05,0,NIFTY,NSE
2025-03-28 09:15:00,23605.25,23626.35,23505.45,23524.15,0,NIFTY,NSE
2025-03-28 10:15:00,23524.15,23649.15,23519.0,23581.3,0,NIFTY,NSE
2025-03-28 11:15:00,23581.7,23604.55,23561.7,23596.45,0,NIFTY,NSE
2025-03-28 12:15:00,23596.55,23598.15,23471.3,23499.55,0,NIFTY,NSE
2025-03-28 13:15:00,23499.6,23522.5,23451.6,23503.3,0,NIFTY,NSE
2025-03-28 14:15:00,23501.45,23612.05,23493.7,23543.65,0,NIFTY,NSE
2025-03-28 15:15:00,23544.25,23545.3,23485.75,23495.15,0,NIFTY,NSE
2025-04-01 09:15:00,23353.0,23563.2,23343.75,23456.1,0,NIFTY,NSE
2025-04-01 10:15:00,23455.6,23483.7,23221.35,23228.95,0,NIFTY,NSE
2025-04-01 11:15:00,23229.0,23258.8,23173.4,23209.9,0,NIFTY,NSE
2025-04-01 12:15:00,23209.25,23252.25,23174.3,23192.45,0,NIFTY,NSE
2025-04-01 13:15:00,23192.15,23195.15,23136.4,23161.55,0,NIFTY,NSE
2025-04-01 14:15:00,23163.1,23180.35,23137.45,23174.5,0,NIFTY,NSE
2025-04-01 15:15:00,23174.9,23182.3,23151.8,23179.7,0,NIFTY,NSE
2025-04-02 09:15:00,23209.05,23292.9,23160.4,23238.85,0,NIFTY,NSE
2025-04-02 10:15:00,23238.15,23311.85,23224.6,23287.5,0,NIFTY,NSE
2025-04-02 11:15:00,23287.55,23295.3,23246.15,23281.45,0,NIFTY,NSE
2025-04-02 12:15:00,23281.25,23300.0,23238.95,23287.65,0,NIFTY,NSE
2025-04-02 13:15:00,23287.9,23307.0,23254.75,23278.3,0,NIFTY,NSE
2025-04-02 14:15:00,23279.1,23349.85,23276.6,23337.75,0,NIFTY,NSE
2025-04-02 15:15:00,23338.0,23342.0,23324.6,23330.8,0,NIFTY,NSE
2025-04-03 09:15:00,23159.6,23281.85,23159.6,23277.6,0,NIFTY,NSE
2025-04-03 10:15:00,23278.3,23306.25,23253.4,23278.95,0,NIFTY,NSE
2025-04-03 11:15:00,23279.35,23294.75,23248.9,23273.5,0,NIFTY,NSE
2025-04-03 12:15:00,23275.95,23279.8,23250.6,23258.95,0,NIFTY,NSE
2025-04-03 13:15:00,23260.35,23278.4,23253.95,23255.3,0,NIFTY,NSE
2025-04-03 14:15:00,23254.8,23271.55,23240.8,23253.05,0,NIFTY,NSE
2025-04-03 15:15:00,23253.75,23255.75,23236.4,23241.6,0,NIFTY,NSE
2025-04-04 09:15:00,23208.15,23210.5,22941.25,22941.95,0,NIFTY,NSE
2025-04-04 10:15:00,22941.7,23029.9,22921.95,23013.05,0,NIFTY,NSE
2025-04-04 11:15:00,23013.75,23026.2,22944.75,22965.3,0,NIFTY,NSE
2025-04-04 12:15:00,22965.35,22991.6,22937.2,22938.05,0,NIFTY,NSE
2025-04-04 13:15:00,22938.15,22966.75,22875.15,22909.6,0,NIFTY,NSE
2025-04-04 14:15:00,22908.6,22921.55,22858.15,22911.0,0,NIFTY,NSE
2025-04-04 15:15:00,22909.45,22920.6,22896.45,22912.05,0,NIFTY,NSE
2025-04-07 09:15:00,21822.0,22188.4,21815.4,21918.15,0,NIFTY,NSE
2025-04-07 10:15:00,21916.0,22082.7,21898.3,21986.3,0,NIFTY,NSE
2025-04-07 11:15:00,21985.8,22069.5,21886.15,21890.95,0,NIFTY,NSE
2025-04-07 12:15:00,21890.15,21943.25,21796.9,21859.65,0,NIFTY,NSE
2025-04-07 13:15:00,21860.85,22037.8,21814.35,21997.7,0,NIFTY,NSE
2025-04-07 14:15:00,21998.9,22210.4,21973.4,22184.65,0,NIFTY,NSE
2025-04-07 15:15:00,22184.3,22253.2,22134.65,22238.0,0,NIFTY,NSE
2025-04-08 09:15:00,22473.35,22573.1,22378.5,22383.95,0,NIFTY,NSE
2025-04-08 10:15:00,22384.55,22489.95,22272.9,22436.55,0,NIFTY,NSE
2025-04-08 11:15:00,22436.15,22552.3,22319.4,22552.3,0,NIFTY,NSE
2025-04-08 12:15:00,22554.3,22671.15,22506.05,22666.4,0,NIFTY,NSE
2025-04-08 13:15:00,22666.3,22696.65,22461.75,22598.4,0,NIFTY,NSE
2025-04-08 14:15:00,22602.15,22664.9,22517.15,22528.4,0,NIFTY,NSE
2025-04-08 15:15:00,22528.3,22555.75,22517.95,22547.2,0,NIFTY,NSE
2025-04-09 09:15:00,22453.25,22468.3,22357.05,22371.2,0,NIFTY,NSE
2025-04-09 10:15:00,22370.25,22424.9,22353.5,22374.55,0,NIFTY,NSE
2025-04-09 11:15:00,22374.3,22435.45,22368.7,22432.15,0,NIFTY,NSE
2025-04-09 12:15:00,22431.55,22448.8,22409.7,22432.1,0,NIFTY,NSE
2025-04-09 13:15:00,22431.8,22432.9,22396.35,22402.25,0,NIFTY,NSE
2025-04-09 14:15:00,22402.4,22409.15,22387.35,22402.7,0,NIFTY,NSE
2025-04-09 15:15:00,22402.9,22424.75,22393.45,22420.4,0,NIFTY,NSE
2025-04-11 09:15:00,22727.45,22874.25,22709.95,22832.7,0,NIFTY,NSE
2025-04-11 10:15:00,22833.2,22845.45,22736.05,22834.7,0,NIFTY,NSE
2025-04-11 11:15:00,22834.2,22909.45,22820.3,22907.85,0,NIFTY,NSE
2025-04-11 12:15:00,22908.35,22923.9,22872.75,22904.5,0,NIFTY,NSE
2025-04-11 13:15:00,22905.4,22908.45,22770.4,22785.55,0,NIFTY,NSE
2025-04-11 14:15:00,22786.15,22840.15,22762.0,22830.35,0,NIFTY,NSE
2025-04-11 15:15:00,22831.05,22855.55,22810.95,22844.5,0,NIFTY,NSE
2025-04-15 09:15:00,23346.8,23346.8,23211.4,23312.1,0,NIFTY,NSE
2025-04-15 10:15:00,23311.95,23319.05,23292.8,23295.15,0,NIFTY,NSE
2025-04-15 11:15:00,23295.65,23334.5,23291.65,23332.55,0,NIFTY,NSE
2025-04-15 12:15:00,23332.55,23350.65,23328.25,23337.7,0,NIFTY,NSE
2025-04-15 13:15:00,23337.4,23340.9,23315.2,23326.05,0,NIFTY,NSE
2025-04-15 14:15:00,23326.0,23334.9,23308.35,23321.2,0,NIFTY,NSE
2025-04-15 15:15:00,23320.95,23357.1,23319.75,23344.1,0,NIFTY,NSE
2025-09-24 09:15:00,25142.55,25146.25,25050.55,25094.7,0,NIFTY,NSE
2025-09-24 10:15:00,25093.15,25114.1,25027.95,25053.75,0,NIFTY,NSE
2025-09-24 11:15:00,25053.1,25093.25,25051.6,25092.55,0,NIFTY,NSE
2025-09-24 12:15:00,25091.3,25132.05,25085.6,25131.65,0,NIFTY,NSE
2025-09-24 13:15:00,25131.35,25142.05,25096.0,25100.8,0,NIFTY,NSE
2025-09-24 14:15:00,25100.6,25116.4,25039.55,25059.75,0,NIFTY,NSE
2025-09-24 15:15:00,25059.15,25067.25,25052.0,25060.9,0,NIFTY,NSE
2025-09-25 09:15:00,25041.55,25092.0,25004.9,25031.7,0,NIFTY,NSE
2025-09-25 10:15:00,25031.8,25053.8,24999.75,25026.1,0,NIFTY,NSE
2025-09-25 11:15:00,25027.1,25044.9,24965.55,24981.5,0,NIFTY,NSE
2025-09-25 12:15:00,24981.4,25010.4,24959.9,24989.7,0,NIFTY,NSE
2025-09-25 13:15:00,24989.75,25004.05,24949.7,24966.1,0,NIFTY,NSE
2025-09-25 14:15:00,24966.4,24984.75,24878.7,24883.3,0,NIFTY,NSE
2025-09-25 15:15:00,24884.2,24905.75,24881.8,24904.55,0,NIFTY,NSE
2025-09-26 09:15:00,24820.35,24855.5,24759.25,24780.5,0,NIFTY,NSE
2025-09-26 10:15:00,24780.25,24808.25,24763.5,24768.6,0,NIFTY,NSE
2025-09-26 11:15:00,24769.5,24780.85,24739.95,24764.3,0,NIFTY,NSE
2025-09-26 12:15:00,24764.4,24795.3,24753.3,24758.75,0,NIFTY,NSE
2025-09-26 13:15:00,24759.1,24760.5,24638.45,24663.55,0,NIFTY,NSE
2025-09-26 14:15:00,24663.95,24674.65,24629.65,24644.5,0,NIFTY,NSE
2025-09-26 15:15:00,24644.6,24674.55,24643.6,24673.1,0,NIFTY,NSE
2025-09-29 09:15:00,24720.8,24767.05,24668.25,24758.4,0,NIFTY,NSE
2025-09-29 10:15:00,24760.35,24791.15,24725.1,24740.45,0,NIFTY,NSE
2025-09-29 11:15:00,24741.2,24742.65,24633.95,24641.7,0,NIFTY,NSE
2025-09-29 12:15:00,24642.15,24688.75,24606.2,24687.05,0,NIFTY,NSE
2025-09-29 13:15:00,24686.75,24738.35,24656.8,24723.85,0,NIFTY,NSE
2025-09-29 14:15:00,24725.15,24745.9,24614.15,24639.65,0,NIFTY,NSE
2025-09-29 15:15:00,24639.3,24691.45,24619.45,24677.55,0,NIFTY,NSE
2025-09-30 09:15:00,24703.15,24731.55,24633.65,24636.7,0,NIFTY,NSE
2025-09-30 10:15:00,24637.0,24670.7,24594.3,24666.9,0,NIFTY,NSE
2025-09-30 11:15:00,24666.75,24683.5,24625.6,24646.2,0,NIFTY,NSE
2025-09-30 12:15:00,24646.25,24683.45,24642.6,24664.95,0,NIFTY,NSE
2025-09-30 13:15:00,24664.4,24680.05,24600.4,24623.9,0,NIFTY,NSE
2025-09-30 14:15:00,24624.2,24654.0,24588.0,24614.85,0,NIFTY,NSE
2025-09-30 15:15:00,24613.5,24634.9,24603.3,24633.6,0,NIFTY,NSE
2025-10-01 09:15:00,24632.4,24693.25,24606.15,24659.95,0,NIFTY,NSE
2025-10-01 10:15:00,24658.6,24704.5,24645.05,24702.2,0,NIFTY,NSE
2025-10-01 11:15:00,24703.05,24811.8,24703.05,24803.35,0,NIFTY,NSE
2025-10-01 12:15:00,24803.05,24808.35,24747.05,24770.7,0,NIFTY,NSE
2025-10-01 13:15:00,24770.2,24811.5,24755.05,24795.2,0,NIFTY,NSE
2025-10-01 14:15:00,24796.15,24867.85,24775.75,24822.5,0,NIFTY,NSE
2025-10-01 15:15:00,24824.0,24853.4,24821.2,24853.4,0,NIFTY,NSE
2025-10-03 09:15:00,24783.0,24838.9,24748.15,24798.35,0,NIFTY,NSE
2025-10-03 10:15:00,24798.5,24822.35,24772.95,24815.6,0,NIFTY,NSE
2025-10-03 11:15:00,24815.05,24850.75,24810.45,24840.4,0,NIFTY,NSE
2025-10-03 12:15:00,24839.95,24847.0,24796.8,24843.65,0,NIFTY,NSE
2025-10-03 13:15:00,24843.25,24844.7,24808.15,24809.05,0,NIFTY,NSE
2025-10-03 14:15:00,24808.15,24904.75,24808.15,24888.5,0,NIFTY,NSE
2025-10-03 15:15:00,24888.95,24900.8,24879.5,24895.0,0,NIFTY,NSE
2025-10-06 09:15:00,24923.9,24972.2,24881.9,24968.9,0,NIFTY,NSE
2025-10-06 10:15:00,24969.65,25016.3,24960.85,25014.8,0,NIFTY,NSE
2025-10-06 11:15:00,25014.9,25015.55,24982.55,25008.05,0,NIFTY,NSE
2025-10-06 12:15:00,25008.15,25063.3,24998.2,25060.05,0,NIFTY,NSE
2025-10-06 13:15:00,25058.55,25088.2,25026.15,25059.75,0,NIFTY,NSE
2025-10-06 14:15:00,25059.65,25095.7,25032.45,25074.5,0,NIFTY,NSE
2025-10-06 15:15:00,25075.05,25084.65,25064.6,25072.55,0,NIFTY,NSE
2025-10-07 09:15:00,25087.55,25201.95,25077.1,25183.65,0,NIFTY,NSE
2025-10-07 10:15:00,25185.15,25195.95,25143.5,25152.2,0,NIFTY,NSE
2025-10-07 11:15:00,25152.0,25175.3,25098.2,25154.3,0,NIFTY,NSE
2025-10-07 12:15:00,25154.25,25193.7,25140.6,25188.1,0,NIFTY,NSE
2025-10-07 13:15:00,25188.65,25216.35,25165.85,25212.55,0,NIFTY,NSE
2025-10-07 14:15:00,25212.25,25220.35,25085.9,25091.0,0,NIFTY,NSE
2025-10-07 15:15:00,25091.6,25121.55,25088.6,25112.8,0,NIFTY,NSE
2025-10-08 09:15:00,25091.2,25192.0,25090.8,25149.55,0,NIFTY,NSE
2025-10-08 10:15:00,25148.35,25152.85,25041.55,25042.65,0,NIFTY,NSE
2025-10-08 11:15:00,25042.05,25069.85,25022.6,25051.1,0,NIFTY,NSE
2025-10-08 12:15:00,25050.85,25103.9,25008.55,25098.05,0,NIFTY,NSE
2025-10-08 13:15:00,25096.65,25134.35,25051.15,25070.3,0,NIFTY,NSE
2025-10-08 14:15:00,25073.2,25084.85,25032.4,25036.4,0,NIFTY,NSE
2025-10-08 15:15:00,25035.85,25047.4,25022.35,25023.8,0,NIFTY,NSE
2025-10-09 09:15:00,25074.3,25119.9,25024.3,25041.8,0,NIFTY,NSE
2025-10-09 10:15:00,25042.05,25157.6,25032.75,25152.55,0,NIFTY,NSE
2025-10-09 11:15:00,25152.85,25181.1,25122.9,25140.0,0,NIFTY,NSE
2025-10-09 12:15:00,25140.35,25161.4,25119.75,25132.95,0,NIFTY,NSE
2025-10-09 13:15:00,25132.9,25182.45,25127.7,25140.25,0,NIFTY,NSE
2025-10-09 14:15:00,25139.7,25199.05,25120.5,25177.7,0,NIFTY,NSE
2025-10-09 15:15:00,25177.45,25194.45,25160.9,25170.3,0,NIFTY,NSE
2025-10-10 09:15:00,25177.25,25284.65,25157.2,25262.45,0,NIFTY,NSE
2025-10-10 10:15:00,25262.45,25310.7,25257.75,25309.95,0,NIFTY,NSE
2025-10-10 11:15:00,25310.35,25315.2,25266.85,25286.3,0,NIFTY,NSE
2025-10-10 12:15:00,25286.6,25320.65,25274.35,25306.2,0,NIFTY,NSE
2025-10-10 13:15:00,25308.0,25330.2,25279.55,25305.8,0,NIFTY,NSE
2025-10-10 14:15:00,25305.7,25316.1,25266.25,25284.2,0,NIFTY,NSE
2025-10-10 15:15:00,25283.0,25298.0,25276.2,25278.2,0,NIFTY,NSE
2025-10-13 09:15:00,25182.8,25239.85,25153.6,25199.25,0,NIFTY,NSE
2025-10-13 10:15:00,25199.35,25229.4,25175.7,25191.4,0,NIFTY,NSE
2025-10-13 11:15:00,25191.1,25203.4,25161.9,25189.65,0,NIFTY,NSE
2025-10-13 12:15:00,25187.15,25212.25,25168.85,25210.0,0,NIFTY,NSE
2025-10-13 13:15:00,25209.05,25222.4,25176.65,25207.5,0,NIFTY,NSE
2025-10-13 14:15:00,25210.75,25266.95,25195.55,25220.45,0,NIFTY,NSE
2025-10-13 15:15:00,25221.1,25246.25,25220.15,25237.15,0,NIFTY,NSE
2025-10-14 09:15:00,25278.3,25310.35,25176.25,25196.7,0,NIFTY,NSE
2025-10-14 10:15:00,25196.65,25240.25,25159.3,25174.0,0,NIFTY,NSE
2025-10-14 11:15:00,25173.65,25173.95,25101.7,25118.35,0,NIFTY,NSE
2025-10-14 12:15:00,25118.45,25128.5,25060.55,25084.05,0,NIFTY,NSE
2025-10-14 13:15:00,25084.55,25137.95,25079.55,25122.75,0,NIFTY,NSE
2025-10-14 14:15:00,25123.0,25197.45,25099.2,25144.8,0,NIFTY,NSE
2025-10-14 15:15:00,25145.25,25161.4,25112.7,25123.35,0,NIFTY,NSE
2025-10-15 09:15:00,25181.55,25267.3,25163.2,25251.25,0,NIFTY,NSE
2025-10-15 10:15:00,25250.55,25326.0,25250.05,25292.6,0,NIFTY,NSE
2025-10-15 11:15:00,25292.25,25322.9,25288.25,25288.25,0,NIFTY,NSE
2025-10-15 12:15:00,25289.3,25336.1,25282.7,25325.5,0,NIFTY,NSE
2025-10-15 13:15:00,25326.9,25364.35,25311.9,25326.9,0,NIFTY,NSE
2025-10-15 14:15:00,25328.25,25337.95,25287.1,25327.95,0,NIFTY,NSE
2025-10-15 15:15:00,25328.2,25336.65,25323.85,25327.75,0,NIFTY,NSE
2025-10-16 09:15:00,25403.05,25452.75,25376.85,25423.45,0,NIFTY,NSE
2025-10-16 10:15:00,25423.65,25472.6,25417.55,25462.25,0,NIFTY,NSE
2025-10-16 11:15:00,25461.75,25478.05,25441.6,25477.0,0,NIFTY,NSE
2025-10-16 12:15:00,25476.9,25525.6,25474.75,25524.0,0,NIFTY,NSE
2025-10-16 13:15:00,25523.8,25576.4,25504.1,25551.85,0,NIFTY,NSE
2025-10-16 14:15:00,25552.65,25624.8,25552.6,25568.55,0,NIFTY,NSE
2025-10-16 15:15:00,25567.8,25582.9,25565.9,25566.3,0,NIFTY,NSE
2025-10-17 09:15:00,25541.3,25677.0,25508.95,25670.15,0,NIFTY,NSE
2025-10-17 10:15:00,25670.15,25757.95,25665.1,25750.65,0,NIFTY,NSE
2025-10-17 11:15:00,25751.05,25776.7,25710.4,25760.6,0,NIFTY,NSE
2025-10-17 12:15:00,25763.95,25780.95,25652.8,25668.75,0,NIFTY,NSE
2025-10-17 13:15:00,25670.25,25709.1,25620.45,25682.1,0,NIFTY,NSE
2025-10-17 14:15:00,25683.95,25751.7,25658.25,25708.35,0,NIFTY,NSE
2025-10-17 15:15:00,25708.3,25717.35,25696.0,25704.7,0,NIFTY,NSE
2025-10-20 09:15:00,25816.35,25924.65,25788.55,25856.55,0,NIFTY,NSE
2025-10-20 10:15:00,25859.2,25892.95,25816.35,25873.8,0,NIFTY,NSE
2025-10-20 11:15:00,25874.9,25878.25,25822.35,25855.25,0,NIFTY,NSE
2025-10-20 12:15:00,25854.55,25910.25,25833.85,25898.4,0,NIFTY,NSE
2025-10-20 13:15:00,25897.9,25901.5,25837.65,25861.05,0,NIFTY,NSE
2025-10-20 14:15:00,25860.5,25884.15,25796.75,25846.3,0,NIFTY,NSE
2025-10-20 15:15:00,25845.15,25861.6,25839.55,25850.7,0,NIFTY,NSE
2025-10-21 09:15:00,25843.15,25843.15,25843.15,25843.15,0,NIFTY,NSE
2025-10-21 10:15:00,25843.15,25843.15,25843.15,25843.15,0,NIFTY,NSE
2025-10-21 11:15:00,25843.15,25843.15,25843.15,25843.15,0,NIFTY,NSE
2025-10-21 12:15:00,25843.15,25843.15,25843.15,25843.15,0,NIFTY,NSE
2025-10-21 13:15:00,25843.15,26152.95,25843.15,25896.9,0,NIFTY,NSE
2025-10-21 14:15:00,25897.0,25908.1,25826.25,25868.6,0,NIFTY,NSE
2025-10-21 15:15:00,25868.6,25868.6,25868.6,25868.6,0,NIFTY,NSE
2025-10-23 09:15:00,26058.5,26096.7,25991.85,26095.9,0,NIFTY,NSE
2025-10-23 10:15:00,26095.9,26099.6,26044.0,26058.0,0,NIFTY,NSE
2025-10-23 11:15:00,26057.05,26087.05,26041.9,26077.1,0,NIFTY,NSE
2025-10-23 12:15:00,26076.65,26103.8,26038.45,26059.6,0,NIFTY,NSE
2025-10-23 13:15:00,26059.05,26079.3,25946.7,25958.55,0,NIFTY,NSE
2025-10-23 14:15:00,25958.2,25996.85,25863.5,25865.35,0,NIFTY,NSE
2025-10-23 15:15:00,25864.5,25900.3,25862.6,25870.3,0,NIFTY,NSE
